real,prediccion,error
1.458,1.6387499999999997,-0.18074999999999974
0.388,0.7854399999999998,-0.3974399999999998
2.537,2.2795800999999996,0.25741990000000037
2.75,1.7360399999999996,1.0139600000000004
4.258,4.133041599999999,0.12495840000000058
1.199,1.1485199999999998,0.0504800000000003
2.089,2.28254,-0.19354000000000005
3.084,4.214631399999999,-1.130631399999999
0.559,0.68989,-0.13088999999999995
1.375,1.6435604999999998,-0.26856049999999976
0.517,0.5055399999999995,0.01146000000000047
1.805,2.4163903000000007,-0.6113903000000007
0.522,0.6654800000000001,-0.14348000000000005
1.345,1.7700601999999999,-0.4250601999999999
2.938,3.6325909999999983,-0.6945909999999982
0.985,1.0462500000000006,-0.06125000000000058
2.192,1.95834,0.2336600000000002
1.453,1.5696799999999995,-0.11667999999999945
0.89,0.9570300000000006,-0.06703000000000059
3.37,2.7988399999999998,0.5711600000000003
2.165,3.163611799999998,-0.9986117999999982
1.082,1.25065,-0.16864999999999997
1.875,2.039230199999999,-0.1642301999999991
0.525,0.70219,-0.17718999999999996
4.232,3.2071603,1.0248397000000002
1.869,2.0280199999999997,-0.15901999999999972
2.233,2.1744499999999998,0.058550000000000324
0.637,0.9097200000000006,-0.27272000000000063
5.00001,3.921451799999998,1.0785582000000016
0.61,0.6866599,-0.0766599
1.853,2.02809,-0.1750900000000002
0.687,1.10298,-0.41598
4.213,3.8531603999999993,0.3598396000000008
0.92,1.0348000000000002,-0.11480000000000012
1.797,1.6428999999999996,0.15410000000000035
2.732,3.1961207,-0.4641206999999996
1.938,2.5927214000000003,-0.6547214000000003
5.00001,3.7774434999999973,1.2225665000000023
1.735,1.8594400000000004,-0.12444000000000033
2.14,1.8065000000000007,0.33349999999999946
1.133,1.3887699999999992,-0.25576999999999916
0.612,0.5947499999999999,0.0172500000000001
1.421,1.4143500000000002,0.006649999999999823
4.596,3.498441,1.097559
2.409,2.1351600000000004,0.2738399999999994
0.939,0.6313500000000003,0.30764999999999965
2.531,2.7437600000000013,-0.21276000000000117
0.915,1.6969,-0.7819
2.25,2.4812201000000003,-0.23122010000000026
5.00001,4.6817558999999935,0.3182541000000061
3.115,3.455270100000001,-0.3402701000000006
4.01,3.831810300000001,0.178189699999999
2.951,3.1299910000000004,-0.17899100000000034
2.125,3.141290499999997,-1.016290499999997
2.154,2.0227002999999995,0.13129970000000046
2.029,2.539900000000001,-0.5109000000000012
1.776,2.08236,-0.30635999999999997
1.75,2.098900599999999,-0.348900599999999
3.862,3.3460007999999988,0.5159992000000013
2.167,2.4934004999999995,-0.32640049999999965
1.66,1.5048199999999994,0.15518000000000054
2.449,2.5166901,-0.06769010000000009
1.211,1.2581500000000003,-0.04715000000000025
1.375,1.15156,0.22344000000000008
3.25,2.870010099999999,0.3799899000000009
3.151,2.5200299999999998,0.63097
0.969,1.3104401000000003,-0.34144010000000036
1.796,1.83723,-0.04122999999999988
1.702,2.0994599999999997,-0.3974599999999997
1.878,2.5963001,-0.7183001000000002
1.768,2.06494,-0.29694
1.909,3.2935110000000014,-1.3845110000000014
1.54,1.8263000000000003,-0.2863000000000002
2.962,2.5383099999999983,0.4236900000000019
2.28,2.0997200000000005,0.18027999999999933
5.00001,4.992469899999989,0.007540100000010597
0.669,0.5782899999999994,0.09071000000000062
5.00001,3.635000399999997,1.3650096000000027
4.5,2.3944705000000006,2.1055294999999994
1.183,1.0915600000000003,0.09143999999999974
1.585,1.7963100000000003,-0.21131000000000033
0.942,0.9785800000000002,-0.03658000000000028
1.655,2.4872600000000005,-0.8322600000000004
1.781,1.9386799999999993,-0.15767999999999938
0.904,0.9930100000000001,-0.08901000000000003
1.326,1.4400699999999995,-0.11406999999999945
2.365,2.6237500000000007,-0.2587500000000005
2.44,2.3469700999999996,0.09302990000000033
4.433,4.287801499999998,0.145198500000002
3.971,3.8311614999999986,0.13983850000000153
2.639,2.5470100000000016,0.09198999999999824
2.145,2.5980099999999995,-0.45300999999999947
1.869,2.5932701,-0.7242700999999998
1.083,1.3360100000000004,-0.2530100000000004
4.15,2.9755301999999997,1.1744698000000007
3.387,2.9424499999999996,0.44455000000000044
1.954,1.9168900000000009,0.03710999999999909
2.064,1.9076899999999994,0.15631000000000062
1.519,1.6734400000000003,-0.15444000000000035
2.094,2.9410799999999995,-0.8470799999999996
2.508,3.148830000000002,-0.640830000000002
1.185,1.8571499999999994,-0.6721499999999994
0.944,0.97958,-0.035580000000000056
2.511,2.2469299999999994,0.2640700000000007
3.977,3.701970900000001,0.2750290999999989
1.469,1.2876900000000004,0.18130999999999964
1.754,1.9249199999999989,-0.17091999999999885
0.956,1.3642800000000008,-0.40828000000000086
1.688,1.6233999999999995,0.06460000000000043
1.711,2.047849999999998,-0.3368499999999981
4.143,3.4473503999999986,0.6956496000000012
0.707,0.70718,-0.000180000000000069
1.675,2.14785,-0.47285
3.05,3.259450800000002,-0.20945080000000216
1.693,1.4955399999999996,0.1974600000000004
1.575,2.114739999999999,-0.539739999999999
1.676,1.2694899999999993,0.4065100000000006
5.00001,4.933389499999991,0.06662050000000885
1.14,1.4764599999999999,-0.33646
3.412,1.8649099999999996,1.5470900000000003
3.496,2.561539999999999,0.934460000000001
0.738,1.1410200000000001,-0.40302000000000016
3.333,2.8222000000000014,0.5107999999999988
0.543,0.9588100999999996,-0.4158100999999995
1.222,1.1078300000000005,0.11416999999999944
1.125,1.1055000000000006,0.019499999999999407
2.645,2.3849,0.2601
1.561,1.45004,0.11095999999999995
2.333,2.356479999999999,-0.023479999999998835
1.524,1.8037,-0.27970000000000006
3.0,1.9167800000000002,1.0832199999999998
1.365,2.15038,-0.7853800000000002
0.486,0.5131600000000001,-0.027160000000000073
2.74,2.9669499999999998,-0.22694999999999954
1.292,1.6362899999999994,-0.3442899999999993
2.375,1.9994100000000004,0.37558999999999965
1.216,1.6198499999999996,-0.4038499999999996
1.125,1.40813,-0.2831300000000001
1.509,1.7047400000000008,-0.1957400000000009
3.981,3.8480918999999987,0.1329081000000012
2.944,4.0880117999999985,-1.1440117999999986
0.966,1.1176199999999996,-0.15161999999999964
3.311,3.470420299999999,-0.15942029999999896
2.385,2.0364405000000003,0.34855949999999947
0.677,0.73257,-0.05557000000000001
1.618,1.2006400000000006,0.4173599999999995
3.126,2.9066602,0.21933979999999975
1.582,1.5331799999999998,0.04882000000000031
0.673,0.7624000000000002,-0.08940000000000015
2.57,2.9833700999999984,-0.4133700999999985
5.00001,4.9846597999999895,0.015350200000010084
2.413,1.9363500000000002,0.4766499999999996
2.407,2.2263799999999994,0.18062000000000067
2.052,1.8410699999999998,0.21093000000000028
1.677,1.3161600000000002,0.3608399999999998
1.635,1.6315900000000005,0.003409999999999469
0.923,0.8934200000000004,0.029579999999999607
3.58,3.384570300000001,0.19542969999999915
0.392,0.7578899999999997,-0.3658899999999997
1.352,1.0307499999999998,0.32125000000000026
1.021,1.2251899999999998,-0.20418999999999987
2.983,3.9826623999999966,-0.9996623999999965
0.912,1.0450799999999998,-0.13307999999999975
1.265,1.0154999999999996,0.24950000000000028
1.625,1.597159999999999,0.027840000000000975
2.171,2.6907506999999997,-0.5197506999999999
1.952,1.5499800000000001,0.4020199999999998
1.115,1.6878799999999998,-0.5728799999999998
4.0,3.523001499999998,0.4769985000000019
2.211,2.1815199999999995,0.029480000000000395
0.495,0.7980899999999999,-0.30308999999999986
1.705,1.7453999999999998,-0.04039999999999977
1.75,1.53005,0.2199500000000001
1.953,2.550660200000001,-0.5976602000000011
0.488,0.5652999999999999,-0.07729999999999992
2.214,1.8479800000000004,0.36601999999999957
2.183,3.1093301000000015,-0.9263301000000017
0.7,0.7332799999999999,-0.033279999999999976
4.286,3.218650699999999,1.0673493000000005
0.67,1.1353300000000004,-0.46533000000000035
1.212,2.4426000000000005,-1.2306000000000006
1.209,1.7000900000000003,-0.49109000000000025
1.32,1.3609000000000007,-0.0409000000000006
4.65,4.0969119,0.5530881000000001
2.867,3.4260304,-0.5590304000000001
0.631,0.6735099999999998,-0.042509999999999826
1.413,1.54432,-0.13131999999999988
0.738,0.9611000000000003,-0.2231000000000003
1.798,2.14561,-0.34761
1.031,0.8395899999999998,0.19141000000000008
1.768,1.6756400000000011,0.09235999999999889
2.099,2.01637,0.08262999999999998
2.75,3.7906316999999983,-1.0406316999999983
1.832,1.9400199999999987,-0.10801999999999867
1.938,1.16709,0.77091
2.134,2.6529405000000015,-0.5189405000000016
3.595,3.0058099999999994,0.5891900000000008
2.115,1.6547099999999995,0.46029000000000075
0.747,0.8495099999999998,-0.10250999999999977
2.414,2.0495899999999985,0.3644100000000017
2.0,1.51669,0.4833099999999999
2.3,2.5042999999999997,-0.20429999999999993
1.651,1.758040100000001,-0.10704010000000097
2.171,2.2454000000000005,-0.07440000000000069
2.726,2.8693200000000005,-0.14332000000000056
2.365,1.9587900000000007,0.4062099999999995
2.219,2.6877701000000007,-0.46877010000000086
0.516,0.5967100000000004,-0.08071000000000039
1.67,1.8149902000000002,-0.1449902000000003
2.356,2.120269999999999,0.23573000000000066
4.871,4.1708837999999995,0.700116200000001
3.825,3.026459999999999,0.7985400000000014
0.682,0.9311499999999999,-0.24914999999999987
3.277,2.6449003999999996,0.6320996000000005
0.715,0.90146,-0.18646000000000007
0.727,0.9602100000000003,-0.23321000000000036
2.245,2.05875,0.18625000000000025
1.75,1.6865899999999998,0.06341000000000019
0.949,0.9458399999999998,0.0031600000000001627
1.45,1.4176800000000003,0.03231999999999968
5.00001,4.1115122999999985,0.8884977000000012
0.873,0.8471999999999997,0.025800000000000267
1.765,1.85657,-0.09157000000000015
0.512,0.610799999999999,-0.098799999999999
0.888,1.4411299999999994,-0.5531299999999993
1.193,1.2787100000000005,-0.0857100000000004
0.689,0.6504700000000002,0.03852999999999973
0.562,0.7667899999999996,-0.20478999999999958
2.108,2.263609999999999,-0.15560999999999892
1.462,1.2995499999999995,0.16245000000000043
0.932,0.9801099999999998,-0.048109999999999764
0.676,0.7878500000000003,-0.11185000000000023
1.641,1.66902,-0.028019999999999934
5.00001,5.000009999999988,1.1546319456101628e-14
3.436,3.4526501000000023,-0.016650100000002332
3.196,3.340650000000002,-0.14465000000000172
0.769,0.7336800000000006,0.03531999999999946
1.191,1.6599100000000002,-0.46891000000000016
0.869,0.8857099999999996,-0.01670999999999956
0.89,1.0725799999999999,-0.18257999999999985
2.738,2.5563002,0.18169980000000008
1.04,1.0096900000000004,0.030309999999999615
0.874,1.2749900000000003,-0.4009900000000003
1.791,1.928770000000001,-0.13777000000000106
2.516,2.985730599999999,-0.4697305999999988
3.611,2.2468500000000002,1.36415
3.718,4.0775319,-0.35953190000000035
0.679,0.8933200000000001,-0.21432000000000007
3.754,3.5580701999999995,0.1959298000000005
0.813,1.0876799999999998,-0.2746799999999998
1.372,1.5520999999999996,-0.18009999999999948
1.752,1.9619700000000015,-0.20997000000000154
5.00001,4.250805299999995,0.7492047000000044
1.331,1.4831900000000002,-0.15219000000000027
1.353,1.31887,0.034129999999999994
1.775,2.2062299999999997,-0.4312299999999998
0.965,1.1454300000000006,-0.18043000000000065
0.492,0.7256,-0.23360000000000003
2.347,2.8293,-0.48229999999999995
1.124,1.1436000000000004,-0.019600000000000284
1.503,1.5851199999999992,-0.0821199999999993
1.406,1.5681499999999997,-0.1621499999999998
0.988,1.0843399999999996,-0.09633999999999965
0.451,0.5937999999999996,-0.14279999999999954
2.247,2.39489,-0.1478900000000003
0.508,1.1845799999999986,-0.6765799999999986
1.648,2.0749099999999996,-0.4269099999999997
3.617,3.5394812000000013,0.07751879999999867
1.694,1.7215199999999995,-0.027519999999999545
1.715,1.69176,0.02324000000000015
2.379,2.7474700000000007,-0.36847000000000074
1.598,1.2769400000000002,0.3210599999999999
2.0,2.49681,-0.49681
1.971,2.370180000000001,-0.39918000000000076
3.016,3.1373303999999984,-0.1213303999999984
1.88,2.166210000000001,-0.28621000000000096
1.161,1.9994099999999988,-0.8384099999999988
3.528,3.507460999999999,0.020539000000001195
0.775,0.8097999999999999,-0.03479999999999983
1.521,1.6556499999999996,-0.13464999999999971
1.731,1.8868499999999993,-0.15584999999999916
2.185,2.046960000000001,0.13803999999999927
1.353,1.368240000000001,-0.01524000000000103
0.508,0.6456399999999998,-0.13763999999999976
3.824,4.478212,-0.6542120000000002
1.847,1.8678700000000013,-0.020870000000001276
1.177,1.5261299999999998,-0.3491299999999997
1.158,1.497309999999999,-0.3393099999999991
2.5,1.6277399999999997,0.8722600000000003
1.443,2.4029603,-0.9599603000000001
5.00001,4.991479899999988,0.00853010000001131
1.539,1.6610000000000005,-0.12200000000000055
1.031,1.0055200000000002,0.025479999999999725
1.287,1.27101,0.01598999999999995
0.983,1.7107399999999982,-0.7277399999999982
0.894,1.0017100000000003,-0.1077100000000003
2.079,2.8776300000000004,-0.7986300000000002
1.225,1.1717399999999996,0.05326000000000053
1.667,1.6747300000000005,-0.007730000000000459
0.952,1.00963,-0.05763000000000007
0.721,0.8214700000000004,-0.10047000000000039
1.431,1.83831,-0.40731000000000006
0.914,0.88357,0.030430000000000068
1.178,1.2637199999999997,-0.0857199999999998
2.328,1.7770499999999994,0.5509500000000005
0.597,0.7239199999999997,-0.1269199999999997
2.68,2.7678400000000005,-0.08784000000000036
1.275,1.8119999999999998,-0.5369999999999999
1.471,1.6300500000000004,-0.15905000000000036
1.496,1.55135,-0.05535000000000001
1.43,0.9499299999999998,0.4800700000000001
0.808,1.3420499999999997,-0.5340499999999997
4.561,2.9136399999999987,1.6473600000000013
2.253,2.612710000000001,-0.3597100000000011
1.449,1.720620000000001,-0.27162000000000086
2.083,1.5592699999999997,0.5237300000000005
1.182,1.2733400000000001,-0.0913400000000002
0.598,0.4978600000000001,0.1001399999999999
1.49,1.1755499999999988,0.31445000000000123
2.713,2.952250499999999,-0.23925049999999892
1.898,2.0071,-0.10909999999999997
1.83,1.9636102000000002,-0.13361020000000012
1.478,1.3725400000000005,0.10545999999999944
0.953,1.3945600000000002,-0.4415600000000003
1.649,1.5623000000000005,0.08669999999999956
1.095,1.2492499999999997,-0.15424999999999978
1.488,1.50899,-0.020990000000000064
1.386,1.52339,-0.13739000000000012
4.746,4.298262899999998,0.4477371000000021
1.476,2.0050305,-0.5290305000000002
2.271,2.340639999999998,-0.06963999999999793
2.027,2.189489999999999,-0.1624899999999987
4.984,4.101323299999996,0.8826767000000038
1.324,1.4311899999999995,-0.10718999999999945
1.505,1.7263800000000007,-0.2213800000000008
2.432,2.545280000000001,-0.11328000000000094
2.081,2.1408900000000006,-0.059890000000000665
1.609,1.7207400000000006,-0.11174000000000062
1.6,1.57918,0.02082000000000006
2.417,2.2769801,0.14001989999999997
0.866,1.1305100000000003,-0.26451000000000036
2.667,2.7365806,-0.0695806000000001
0.978,1.07778,-0.09977999999999998
3.139,2.46742,0.6715799999999996
0.722,0.8410100000000006,-0.11901000000000062
1.773,2.1033901,-0.3303901
1.452,1.5023,-0.05030000000000001
1.886,2.1158999999999994,-0.22989999999999955
0.633,0.8869099999999994,-0.2539099999999994
1.369,1.1222899999999998,0.2467100000000002
5.00001,4.0325121,0.9674978999999997
2.714,2.12073,0.59327
1.488,1.3162402999999996,0.1717597000000004
1.288,1.35555,-0.06755
3.185,2.9178600000000006,0.2671399999999995
1.82,1.9795799999999997,-0.1595799999999996
1.865,2.070090000000001,-0.20509000000000088
0.76,0.6794399999999999,0.08056000000000008
1.866,1.9855799999999995,-0.11957999999999935
3.423,2.7261200000000008,0.6968799999999993
2.675,2.7475701000000003,-0.07257010000000053
5.00001,4.944258999999991,0.055751000000008766
1.78,1.4249200000000002,0.35507999999999984
1.42,1.5642199999999997,-0.1442199999999998
2.182,2.26493,-0.08293000000000017
2.827,2.675800199999998,0.15119980000000188
0.96,0.8191700000000001,0.1408299999999999
1.148,1.15403,-0.00602999999999998
0.479,0.6990099999999998,-0.22000999999999982
3.553,3.0914004,0.4615996
1.95,2.0258900000000004,-0.07589000000000046
1.51,1.4625700000000004,0.04742999999999964
5.00001,4.986369799999989,0.013640200000010871
1.795,1.4933099999999992,0.3016900000000007
1.125,1.2311801,-0.1061801
1.5,1.6874899999999995,-0.1874899999999995
0.93,1.1419500000000005,-0.21195000000000042
2.343,3.3688508999999978,-1.0258508999999978
2.157,2.364771099999999,-0.2077710999999991
1.193,1.894429999999998,-0.701429999999998
2.356,2.30661,0.04938999999999982
0.938,0.8987100000000002,0.039289999999999714
1.883,3.839641399999999,-1.9566413999999992
5.00001,4.431964399999996,0.568045600000004
1.482,1.7917302000000002,-0.3097302000000002
1.375,2.0992105,-0.7242104999999999
3.02,2.950580000000001,0.06941999999999915
2.49,2.5632699999999993,-0.07326999999999906
2.876,3.0580399999999996,-0.18203999999999976
1.388,1.14944,0.23855999999999988
2.027,2.0523101999999995,-0.025310199999999394
1.827,1.8624000000000007,-0.035400000000000764
3.205,2.2729600000000003,0.9320399999999998
2.89,2.3439001999999993,0.5460998000000008
0.683,1.1117900000000003,-0.4287900000000002
0.886,0.8064200000000006,0.07957999999999943
3.885,2.2143406,1.6706594
0.527,0.6665399999999999,-0.1395399999999999
0.924,1.073780000000001,-0.14978000000000102
1.889,1.2504700000000002,0.6385299999999998
1.44,1.5128699999999995,-0.07286999999999955
4.747,3.8112608999999997,0.9357391000000002
0.938,0.9375099999999997,0.0004900000000002125
2.12,1.981599999999999,0.1384000000000012
1.0,1.9725004999999995,-0.9725004999999995
1.623,2.878870100000002,-1.255870100000002
2.304,2.3419399999999975,-0.03793999999999764
1.775,1.7321799999999994,0.042820000000000524
0.701,1.7388301999999995,-1.0378301999999997
1.684,2.855310100000001,-1.171310100000001
1.589,1.3243699999999996,0.26463000000000036
2.866,2.8934800999999997,-0.027480099999999563
2.763,2.821160599999999,-0.05816059999999901
2.228,2.9106807999999997,-0.6826807999999995
3.183,3.2691302,-0.08613020000000038
1.25,1.3524599999999996,-0.10245999999999955
1.85,2.1596099999999994,-0.3096099999999993
3.071,2.705560099999999,0.36543990000000104
3.673,4.002081100000001,-0.3290811000000007
1.889,1.943490000000001,-0.05449000000000104
2.528,2.77763,-0.2496299999999998
1.578,2.3975999999999997,-0.8195999999999997
1.831,1.8524900000000009,-0.021490000000000897
3.0,3.496922799999997,-0.496922799999997
1.133,1.0885199999999997,0.0444800000000003
1.0,1.3844199999999993,-0.3844199999999993
0.946,1.2810399999999995,-0.33503999999999956
1.993,2.2931699999999986,-0.3001699999999985
1.755,1.5929700000000009,0.162029999999999
1.464,1.3612599999999997,0.10274000000000028
0.885,1.0053499999999997,-0.12034999999999973
1.831,1.8489900000000015,-0.017990000000001505
1.969,1.2603000000000002,0.7086999999999999
1.857,1.8086600000000006,0.04833999999999938
3.737,4.616965299999997,-0.8799652999999967
1.014,0.97637,0.03763000000000005
2.689,3.0385800000000014,-0.34958000000000133
3.944,2.5170404000000004,1.4269595999999996
0.584,0.62478,-0.04078000000000004
1.938,3.1111608999999993,-1.1731608999999994
2.125,2.111830099999999,0.013169900000001178
4.878,3.6213207999999986,1.2566792000000016
1.98,2.9236901,-0.9436901
2.293,2.8994700000000004,-0.6064700000000003
0.987,0.8851100000000001,0.10188999999999993
4.5,1.9525700000000001,2.54743
1.663,1.6385399999999997,0.02446000000000037
1.398,1.35722,0.040779999999999816
0.561,0.7854099999999997,-0.22440999999999967
1.712,1.4847399999999993,0.22726000000000068
0.79,0.8303499999999997,-0.040349999999999664
0.996,0.9878200000000001,0.008179999999999854
2.746,2.9046504000000004,-0.1586504000000004
1.935,2.1691,-0.23409999999999975
2.446,2.746600200000001,-0.30060020000000076
0.528,0.5192500000000001,0.008749999999999925
2.0,1.77749,0.22250999999999999
4.043,3.5211308999999984,0.5218691000000018
3.477,2.905840300000001,0.571159699999999
0.961,0.9616399999999997,-0.0006399999999997519
2.618,2.7114001000000005,-0.09340010000000065
2.489,2.0422700000000007,0.4467299999999992
1.063,1.1593800000000003,-0.09638000000000035
0.932,0.8809800000000003,0.05101999999999973
2.461,3.1211600999999995,-0.6601600999999997
5.00001,4.809677699999989,0.19033230000001033
4.123,4.254332999999996,-0.13133299999999615
1.569,1.7667299999999986,-0.19772999999999863
2.807,2.680109999999999,0.12689000000000084
2.74,2.5360101000000004,0.20398989999999984
1.375,1.2714299999999998,0.10357000000000016
1.64,1.7968799999999996,-0.1568799999999997
1.108,1.0766099999999994,0.031390000000000695
1.435,2.3985299999999996,-0.9635299999999996
1.446,1.2906399999999991,0.15536000000000083
2.15,1.88084,0.26915999999999984
1.501,1.80637,-0.30537000000000014
2.044,1.9399300000000002,0.10406999999999988
2.314,2.4204899999999996,-0.10648999999999953
0.847,0.7195200000000003,0.1274799999999997
0.586,0.5935700000000002,-0.007570000000000188
1.402,1.8701999999999999,-0.46819999999999995
3.279,3.1041906999999997,0.17480930000000017
2.869,2.5547403999999996,0.31425960000000064
2.594,2.919921199999999,-0.32592119999999936
3.021,3.1458801999999997,-0.12488019999999977
1.083,0.9023599999999997,0.18064000000000024
0.855,1.2910600000000005,-0.43606000000000056
2.25,1.2302800000000003,1.0197199999999997
3.5,3.5717712,-0.07177120000000015
5.00001,2.5566400999999996,2.4433699
2.094,2.3699402999999992,-0.27594029999999936
5.00001,4.849478099999991,0.1505319000000087
2.62,2.5206100000000005,0.09938999999999965
2.239,2.3277200000000002,-0.08872000000000035
1.45,1.50952,-0.05952000000000002
1.558,1.6448600000000002,-0.08686000000000016
3.796,4.687735999999994,-0.8917359999999941
2.369,2.525360600000001,-0.15636060000000063
1.317,1.3748999999999996,-0.05789999999999962
1.362,1.2752800000000002,0.08671999999999991
5.00001,4.984659799999989,0.015350200000010972
1.201,1.31446,-0.1134599999999999
2.278,2.17488,0.1031200000000001
1.32,1.1916600000000002,0.1283399999999999
2.219,2.737550299999999,-0.5185502999999994
0.901,0.9949800000000001,-0.09398000000000006
1.92,2.1183599999999982,-0.19835999999999832
1.855,1.762899999999999,0.09210000000000096
3.3,3.7862307,-0.4862307000000001
4.964,4.381103599999997,0.5828964000000036
0.853,0.9394300000000005,-0.08643000000000056
1.618,2.723960799999999,-1.105960799999999
2.415,2.04124,0.37375999999999987
2.5,2.0651700000000006,0.4348299999999994
1.993,2.271110000000002,-0.27811000000000186
2.708,3.1010700000000018,-0.3930700000000016
4.4,3.093070600000001,1.3069293999999996
1.55,2.43558,-0.8855799999999998
2.173,2.465459999999999,-0.29245999999999883
4.135,3.1737101999999977,0.9612898000000021
0.917,1.5213113000000007,-0.6043113000000007
2.248,2.7100302999999983,-0.4620302999999981
1.93,1.9646300000000003,-0.03463000000000038
0.664,0.8559199999999995,-0.19191999999999942
0.804,0.8616400000000002,-0.057640000000000136
1.944,2.7592501000000005,-0.8152501000000005
1.325,1.5284400000000005,-0.2034400000000005
1.123,1.1073700000000004,0.01562999999999959
0.686,0.5729000000000002,0.11309999999999987
1.745,1.9119499999999994,-0.16694999999999927
2.691,3.297820799999999,-0.606820799999999
2.614,2.2101303,0.4038697
1.65,1.5513,0.09870000000000001
1.462,1.5283800000000005,-0.06638000000000055
5.00001,4.989709899999989,0.010300100000010914
0.577,0.6076599999999998,-0.0306599999999998
1.671,1.8284299,-0.1574298999999999
2.876,2.48063,0.3953699999999998
2.25,2.6579399999999986,-0.40793999999999864
1.438,1.6540600000000003,-0.21606000000000036
0.559,0.6114999999999999,-0.05249999999999988
2.728,2.5999901,0.12800990000000034
2.633,2.6752900000000013,-0.04229000000000127
2.464,2.680302000000001,-0.2163020000000011
3.429,3.6793009000000008,-0.25030090000000094
1.107,1.0479400000000008,0.059059999999999224
2.325,2.3561800999999996,-0.031180099999999378
1.032,1.1467300000000002,-0.11473000000000022
2.161,2.1524299999999994,0.008570000000000633
1.871,2.00011,-0.12910999999999984
1.444,1.6352799999999998,-0.1912799999999999
1.465,1.00817,0.45683000000000007
1.928,2.02605,-0.09805000000000019
1.99,1.5970899999999997,0.3929100000000003
3.975,3.9211118999999997,0.05388810000000044
5.00001,4.640936399999992,0.35907360000000743
2.161,2.04782,0.11317999999999984
1.199,2.4631511,-1.2641511
2.14,2.2738999999999994,-0.13389999999999924
1.192,1.3487499999999997,-0.15674999999999972
1.567,1.5820100000000008,-0.015010000000000856
3.0,3.767272499999998,-0.767272499999998
1.429,1.3906999999999996,0.038300000000000445
1.135,1.2146399999999993,-0.07963999999999927
1.937,1.7759299999999993,0.1610700000000007
2.414,1.8393900000000003,0.5746099999999998
2.099,2.5856702999999994,-0.4866702999999992
1.572,1.8546105,-0.2826104999999999
5.00001,4.466293599999997,0.533716400000003
1.417,2.3477603,-0.9307603
1.437,2.0800501000000007,-0.6430501000000006
2.75,3.749211199999999,-0.9992111999999991
1.091,1.4022800000000002,-0.3112800000000002
0.717,0.9723399999999998,-0.2553399999999998
5.00001,3.858991799999998,1.1410182000000018
1.714,1.5402500000000006,0.1737499999999994
5.00001,2.7249304000000008,2.275079599999999
1.648,2.9585199999999996,-1.3105199999999997
0.987,1.5150699999999997,-0.5280699999999997
0.907,0.9588300000000003,-0.051830000000000265
4.29,4.323954299999995,-0.03395429999999511
2.841,3.0854902000000015,-0.24449020000000132
0.533,0.6050499999999996,-0.07204999999999961
4.523,3.629191099999998,0.8938089000000016
1.466,1.9077305999999998,-0.44173059999999986
2.616,2.0808500999999997,0.5351499000000004
1.569,1.2548099999999998,0.3141900000000002
1.594,2.503950300000001,-0.9099503000000009
2.875,2.0011908999999997,0.8738091000000003
1.985,1.9312799999999988,0.05372000000000132
1.297,1.2042300000000004,0.09276999999999958
0.973,0.9579800000000002,0.015019999999999811
3.397,2.91863,0.47836999999999996
1.821,1.6821700000000002,0.1388299999999998
1.143,1.0344200000000003,0.10857999999999968
0.853,0.9918499999999996,-0.13884999999999958
1.19,1.28848,-0.09848000000000012
1.734,1.4901100000000003,0.24388999999999972
2.743,2.3666302999999997,0.37636970000000014
4.291,3.3121601,0.9788399000000005
0.771,0.8416699999999999,-0.0706699999999999
2.405,2.6965001000000006,-0.2915001000000008
1.625,1.9328999999999998,-0.30789999999999984
2.544,2.3357099999999997,0.2082900000000003
0.608,0.6672099999999999,-0.059209999999999874
0.917,1.1522001000000004,-0.23520010000000036
0.518,0.6841899999999996,-0.16618999999999962
4.986,4.970599599999989,0.015400400000010528
3.625,1.661449999999999,1.963550000000001
1.063,1.1862899999999994,-0.12328999999999946
1.631,1.6367599999999995,-0.005759999999999543
0.879,0.8402299999999993,0.03877000000000075
3.467,3.223900299999998,0.24309970000000192
2.915,1.8275199999999991,1.087480000000001
2.563,3.0884606000000008,-0.5254606000000006
1.055,1.3321901,-0.2771901000000001
3.509,3.4469902,0.06200979999999978
0.727,0.9086400000000002,-0.18164000000000025
3.43,3.4801000000000006,-0.05010000000000048
0.673,0.6792399999999997,-0.00623999999999969
1.275,1.1878399999999996,0.08716000000000035
2.404,2.4978899999999995,-0.09388999999999958
2.523,2.3127899999999992,0.2102100000000009
3.106,2.5589701,0.5470299000000001
1.357,0.9823000000000001,0.3746999999999999
4.808,3.882570699999998,0.925429300000002
0.575,0.47775000000000006,0.09724999999999989
5.00001,4.910728599999992,0.08928140000000795
3.953,3.5005602999999996,0.4524397000000002
2.267,2.8365102000000006,-0.5695102000000007
2.625,3.5645419999999977,-0.9395419999999977
2.704,3.164870000000001,-0.4608700000000008
1.83,2.0521501999999994,-0.2221501999999993
1.619,1.8615799999999993,-0.24257999999999935
0.811,0.7556500000000003,0.05534999999999979
1.744,2.2064000000000004,-0.46240000000000037
2.182,2.3325299999999998,-0.15052999999999983
1.438,1.4591900000000007,-0.02119000000000071
1.991,1.96618,0.024820000000000064
4.188,4.347152200000001,-0.1591522000000012
5.0,4.220124599999997,0.7798754000000034
1.245,0.9242599999999992,0.3207400000000009
2.978,2.565750000000001,0.41224999999999934
0.622,0.6662099999999999,-0.04420999999999986
1.555,1.5482900000000002,0.006709999999999772
2.234,2.08385,0.15015
3.018,3.4257099999999996,-0.4077099999999998
0.925,0.9856599999999996,-0.0606599999999996
2.781,2.9007101000000013,-0.11971010000000115
2.313,2.08426,0.22874000000000017
1.432,1.38034,0.05166000000000004
0.636,0.8346600000000001,-0.19866000000000006
1.933,1.9088400000000005,0.024159999999999515
1.355,1.31528,0.03971999999999998
1.519,1.4894099999999986,0.029590000000001337
0.833,0.9620200000000001,-0.12902000000000013
1.608,1.59147,0.016530000000000156
0.85,0.95125,-0.10125000000000006
1.61,1.8931799999999996,-0.28317999999999954
2.417,2.084059999999999,0.3329400000000007
1.461,1.8308799999999992,-0.3698799999999991
5.00001,4.439765199999995,0.5602448000000049
1.835,2.1267399999999985,-0.29173999999999856
1.906,2.3180699999999987,-0.4120699999999988
3.37,4.151431599999999,-0.7814315999999986
2.399,3.133540199999999,-0.7345401999999992
1.375,1.3668499999999988,0.008150000000001212
1.231,1.2837199999999998,-0.052719999999999656
1.533,1.3806699999999994,0.15233000000000052
0.964,1.6092200000000005,-0.6452200000000006
1.644,1.7015799999999992,-0.0575799999999993
1.25,1.6797204000000006,-0.42972040000000056
2.356,2.3557199999999994,0.00028000000000050207
2.894,2.426459999999999,0.46754000000000095
1.046,1.03134,0.014660000000000117
1.123,0.8868800000000001,0.23611999999999989
0.498,0.5252300000000001,-0.027230000000000087
3.031,2.7400905,0.29090950000000015
3.275,2.9803900999999993,0.29460990000000065
1.628,1.354469999999999,0.27353000000000094
1.758,1.8578899999999996,-0.09988999999999959
1.158,1.2878800000000001,-0.12988000000000022
1.411,1.47551,-0.06451000000000007
1.083,1.1216400000000009,-0.038640000000000896
0.675,1.4820700000000002,-0.8070700000000002
3.424,2.7197003,0.7042997
1.984,2.20957,-0.22556999999999983
0.614,0.6779699999999994,-0.06396999999999942
4.456,4.757806699999994,-0.301806699999994
1.679,1.7637201000000002,-0.08472010000000019
1.876,1.9100399999999995,-0.034039999999999626
1.862,1.8074099999999993,0.054590000000000805
2.247,2.3195300999999984,-0.07253009999999849
1.75,3.2899806999999988,-1.5399806999999988
1.561,1.4555300000000004,0.10546999999999951
1.358,1.5351499999999996,-0.17714999999999947
0.818,0.7067000000000003,0.11129999999999962
0.863,1.04612,-0.18311999999999995
3.683,3.534880299999999,0.14811970000000096
2.215,2.5894300000000006,-0.3744300000000007
5.00001,3.9953425999999954,1.0046674000000042
2.709,2.7316401000000003,-0.022640100000000274
5.00001,4.695997699999993,0.30401230000000634
2.5,3.2841801999999998,-0.7841801999999998
1.896,1.8377000000000003,0.058299999999999574
3.875,3.419970400000001,0.45502959999999915
3.679,3.1864911999999994,0.4925088000000004
2.778,2.3277103000000006,0.45028969999999946
1.225,1.3456099999999995,-0.12060999999999944
1.042,1.0661700000000003,-0.024170000000000247
1.976,2.07782,-0.10182000000000002
1.58,1.4527899999999991,0.12721000000000093
0.66,0.8782099999999997,-0.21820999999999968
2.3,2.209350000000001,0.09064999999999879
3.547,2.789340000000001,0.7576599999999991
4.735,4.561894499999995,0.17310550000000546
2.024,1.9539800000000012,0.07001999999999886
0.57,0.7511,-0.18110000000000004
0.68,1.02162,-0.3416199999999999
0.898,0.9652300000000003,-0.06723000000000023
1.238,2.0119599999999993,-0.7739599999999993
1.183,1.1910700000000003,-0.008070000000000244
0.614,0.6917700000000001,-0.07777000000000012
1.918,1.9524299999999997,-0.03442999999999974
2.56,2.177020099999999,0.38297990000000093
1.563,1.0546999999999997,0.5083000000000002
1.5,1.55094,-0.050939999999999985
2.61,2.7945500000000005,-0.18455000000000066
0.972,1.1176600999999997,-0.14566009999999974
2.52,2.714360000000001,-0.19436000000000098
1.867,1.8113699999999993,0.055630000000000734
5.00001,4.085252899999998,0.9147571000000019
1.327,1.3518599999999994,-0.024859999999999438
1.224,1.38174,-0.15774
1.333,1.4104199999999993,-0.07741999999999938
1.4,1.47619,-0.07618999999999998
2.763,2.8133004,-0.050300400000000245
2.166,2.2056600000000013,-0.03966000000000136
2.621,2.0424899999999995,0.5785100000000005
5.00001,3.874342599999998,1.1256674000000015
1.298,1.2197499999999997,0.07825000000000037
3.011,2.0004300999999995,1.0105699000000006
2.323,2.03386,0.2891400000000002
2.81,2.756232399999999,0.053767600000000915
0.748,0.7000400000000003,0.04795999999999967
1.529,1.4337700000000004,0.09522999999999948
1.651,1.7255500000000006,-0.07455000000000056
4.0,4.227751999999997,-0.22775199999999707
2.0,1.4849801000000007,0.5150198999999993
2.281,1.7190799999999995,0.5619200000000006
1.245,1.5431699999999997,-0.2981699999999996
4.421,3.633630499999999,0.7873695000000014
0.548,0.5748500000000001,-0.02685000000000004
1.64,1.1563800000000002,0.4836199999999997
3.267,2.369359999999999,0.8976400000000009
2.864,2.758900099999999,0.1050999000000008
5.00001,3.4881408999999994,1.5118691000000002
4.716,4.228361600000001,0.4876383999999989
2.224,2.182999999999999,0.04100000000000126
2.644,2.37501,0.26899000000000006
1.346,1.3960699999999995,-0.05006999999999939
0.795,0.9076000000000003,-0.11260000000000026
0.813,0.8180299999999998,-0.005029999999999868
4.112,3.1823001,0.9296999000000001
2.028,1.242,0.786
2.5,2.7632601,-0.2632601000000001
0.963,1.1759699999999997,-0.21296999999999977
3.338,3.4214202000000005,-0.08342020000000039
1.318,1.4116,-0.0935999999999999
2.482,2.2159300000000006,0.2660699999999996
0.875,3.5771208000000003,-2.7021208000000003
1.125,1.6084800000000001,-0.48348000000000013
5.00001,4.363973799999998,0.6360362000000013
0.875,1.20647,-0.33146999999999993
1.747,1.65757,0.08943000000000012
2.803,3.2465904999999986,-0.44359049999999867
1.593,1.7807000000000004,-0.18770000000000042
3.4,3.0748105000000017,0.32518949999999824
2.417,2.331760100000001,0.08523989999999904
0.685,0.6961999999999997,-0.011199999999999655
2.177,2.1014600000000008,0.07553999999999927
1.846,2.066359999999999,-0.220359999999999
1.125,0.9662599999999999,0.1587400000000001
1.783,2.1263300000000007,-0.3433300000000008
1.948,1.9892400000000001,-0.041240000000000165
2.125,1.0402000000000002,1.0847999999999998
0.927,0.8141100000000001,0.11288999999999993
1.978,2.1577200000000003,-0.17972000000000032
3.776,3.7038700999999996,0.07212990000000019
0.94,1.0338599999999996,-0.09385999999999961
0.635,0.6982299999999997,-0.06322999999999968
2.582,2.8515699999999997,-0.26956999999999987
0.682,1.05341,-0.3714099999999999
1.316,1.4794099999999988,-0.16340999999999872
1.052,1.001740000000001,0.05025999999999908
4.908,4.954138599999992,-0.046138599999991925
2.793,2.7855201999999992,0.007479800000000925
1.639,1.6265400000000012,0.012459999999998805
1.91,1.7015499999999997,0.20845000000000025
3.109,2.8580599999999987,0.2509400000000013
2.05,1.1546099999999995,0.8953900000000004
2.012,2.0230200000000007,-0.011020000000000696
5.00001,2.541972000000001,2.458037999999999
2.427,2.6097899999999994,-0.18278999999999934
5.00001,4.178532099999996,0.8214779000000032
5.00001,2.5582599999999984,2.441750000000001
1.784,3.0287703000000024,-1.2447703000000023
0.844,1.8760900000000007,-1.0320900000000006
1.565,1.8972099999999994,-0.33220999999999945
5.00001,4.854448399999991,0.14556160000000862
3.824,3.4372703,0.38672970000000007
4.414,4.2770938999999935,0.13690610000000625
1.326,1.4704000000000006,-0.14440000000000053
3.138,3.053550099999999,0.08444990000000097
3.433,3.7585415999999987,-0.3255415999999989
0.638,1.0204999999999997,-0.38249999999999973
4.075,3.0096404000000008,1.0653595999999994
3.261,2.589700099999999,0.6712999000000011
3.19,2.18717,1.0028299999999999
4.5,4.020172299999999,0.4798277000000013
1.388,1.1601100000000002,0.2278899999999997
0.606,0.7208200000000001,-0.11482000000000014
1.422,1.234829999999999,0.18717000000000095
0.87,0.8815000000000001,-0.011500000000000066
0.828,1.1263500000000006,-0.29835000000000067
2.9,2.233820100000001,0.666179899999999
0.725,0.75544,-0.030440000000000023
0.989,1.35218,-0.36317999999999995
1.819,1.79825,0.020750000000000046
5.00001,4.590405399999995,0.4096046000000042
2.447,2.4768199999999987,-0.029819999999998625
1.382,1.1968900000000002,0.18510999999999966
2.259,1.71941,0.5395899999999998
2.75,2.990250399999999,-0.24025039999999898
4.566,4.0625519999999975,0.5034480000000023
2.26,1.960699999999999,0.2993000000000008
2.857,2.73964,0.11736000000000013
3.115,3.126550500000001,-0.011550500000000685
4.045,2.7794002,1.2655998
1.505,1.6954200000000006,-0.1904200000000007
1.334,1.1581,0.17590000000000017
2.113,2.0062999999999995,0.10670000000000046
5.00001,3.971732799999998,1.0282772000000016
1.679,1.7734499999999997,-0.0944499999999997
0.57,0.7382599999999998,-0.16825999999999985
5.00001,4.3567927999999965,0.6432172000000032
0.934,0.8098799999999998,0.12412000000000023
5.00001,3.7616714999999994,1.2383385000000002
1.625,1.5075000000000005,0.1174999999999995
3.3,2.1958200000000008,1.104179999999999
1.693,1.8099299999999996,-0.11692999999999953
1.639,1.7546799999999996,-0.11567999999999956
2.688,2.0021199999999997,0.6858800000000005
1.345,1.61658,-0.27157999999999993
3.448,3.4551317999999984,-0.007131799999998467
0.98,0.9910700000000005,-0.011070000000000468
3.022,2.656570600000001,0.3654293999999987
1.563,1.5009600000000003,0.06203999999999965
4.333,3.6091217999999974,0.7238782000000028
0.95,1.0672499999999998,-0.11724999999999985
1.125,1.2318500000000003,-0.10685000000000033
1.104,0.9767499999999998,0.1272500000000003
1.044,1.2432799999999997,-0.19927999999999968
2.429,2.5578201000000003,-0.12882010000000044
1.419,1.3074400000000006,0.11155999999999944
1.897,1.9027199999999984,-0.005719999999998393
2.409,2.0429800000000005,0.36601999999999935
0.878,0.8841700000000003,-0.006170000000000342
0.697,0.9941600000000003,-0.2971600000000003
1.539,1.6899899999999999,-0.15098999999999996
1.802,1.5270900000000003,0.27490999999999977
1.941,1.9953900000000016,-0.05439000000000149
2.547,2.37133,0.17567000000000021
2.105,2.4943001000000002,-0.38930010000000026
5.00001,4.699875499999995,0.30013450000000486
2.178,1.7009700000000008,0.4770299999999992
2.42,2.594829999999999,-0.17482999999999915
4.461,3.728631399999999,0.7323686000000014
4.514,4.145522299999999,0.36847770000000146
5.00001,4.732176199999994,0.26783380000000534
1.25,1.6302599999999992,-0.38025999999999915
2.832,2.6211800999999997,0.21081990000000017
0.375,0.7748799999999999,-0.3998799999999999
2.533,2.4744100000000007,0.058589999999999254
5.00001,5.000009999999989,1.0658141036401503e-14
0.639,0.7707399999999995,-0.13173999999999952
2.8,2.1495099999999994,0.6504900000000005
1.914,1.8750700000000002,0.03892999999999969
2.177,2.1260999999999997,0.05090000000000039
1.375,1.9911608,-0.6161608000000001
1.805,1.7593100000000002,0.045689999999999786
1.905,1.7511800000000002,0.15381999999999985
0.488,0.9006099999999995,-0.4126099999999995
3.937,3.486860199999999,0.450139800000001
1.801,2.687600000000001,-0.8866000000000012
3.847,2.5309604000000006,1.3160395999999994
0.9,1.05585,-0.15584999999999993
1.917,1.8954500000000005,0.021549999999999514
1.848,1.8297800000000017,0.01821999999999835
1.175,1.2664900000000003,-0.0914900000000003
1.869,1.87846,-0.009460000000000024
3.5,3.9327131999999985,-0.43271319999999847
1.652,1.7559200000000001,-0.10392000000000023
0.813,0.7097200000000001,0.10327999999999982
0.924,1.04626,-0.12225999999999992
3.208,2.756010099999998,0.4519899000000023
0.508,0.6189799999999999,-0.11097999999999986
0.987,1.4814999999999998,-0.49449999999999983
1.601,4.001952199999999,-2.400952199999999
1.03,1.0291899999999996,0.0008100000000004215
2.948,3.039070000000001,-0.0910700000000011
1.858,2.1083799999999995,-0.2503799999999994
2.0,2.2218199999999997,-0.22181999999999968
1.096,1.1699099999999993,-0.07390999999999925
3.967,3.0357503,0.9312497
1.016,1.1530499999999997,-0.13704999999999967
2.429,2.483489999999999,-0.05448999999999904
1.639,1.6757300000000002,-0.03673000000000015
1.575,1.91222,-0.3372200000000001
2.795,2.7019403000000004,0.09305969999999952
3.407,2.914400100000001,0.4925998999999992
2.345,2.530679999999998,-0.18567999999999785
1.744,1.7202100000000002,0.023789999999999756
2.25,2.9044803999999993,-0.6544803999999993
3.052,2.7335200000000004,0.31847999999999965
2.273,2.0798799999999993,0.19312000000000085
2.66,2.4846300999999995,0.17536990000000063
1.349,1.5697299999999998,-0.22072999999999987
0.918,1.1500900000000003,-0.23209000000000024
1.375,2.8559406000000007,-1.4809406000000007
1.911,2.696520499999999,-0.7855204999999992
2.932,2.8473403000000017,0.08465969999999823
0.649,0.6659900000000002,-0.01699000000000017
2.195,1.8730099999999998,0.32199
1.035,1.3483199999999997,-0.3133199999999998
2.175,2.0447599999999997,0.13024000000000013
0.439,0.6866899999999998,-0.2476899999999998
2.152,2.0294200000000004,0.12257999999999969
2.636,2.38479,0.25120999999999993
0.723,0.9818899999999996,-0.2588899999999996
2.274,2.7812000000000006,-0.5072000000000005
2.225,1.78102,0.44398000000000004
1.792,1.8452999999999995,-0.05329999999999946
3.127,2.7934205000000003,0.3335794999999995
0.477,0.4965799999999998,-0.01957999999999982
0.59,0.6432200000000006,-0.0532200000000006
1.264,1.32816,-0.06416
2.667,3.141910100000002,-0.474910100000002
3.457,3.0560303999999996,0.40096960000000026
0.77,0.9182100000000004,-0.1482100000000004
1.25,1.1006999999999996,0.14930000000000043
0.832,1.2555300000000003,-0.4235300000000003
5.00001,3.283270400000001,1.7167395999999986
1.58,1.5164100000000007,0.06358999999999937
1.964,2.4593100000000003,-0.49531000000000036
1.431,1.6154899999999999,-0.18448999999999982
1.828,1.5486799999999996,0.27932000000000046
4.352,3.440740300000001,0.9112596999999991
0.641,0.6981200000000004,-0.05712000000000039
5.00001,4.890438899999991,0.10957110000000903
3.447,4.553635399999995,-1.1066353999999947
1.137,1.3353500000000005,-0.19835000000000047
1.398,1.5713600000000008,-0.17336000000000085
1.375,1.1075500000000003,0.26744999999999974
3.024,2.8992800999999986,0.12471990000000144
2.181,1.9520201,0.22897990000000013
5.0,4.115253199999996,0.8847468000000038
4.515,3.667150199999999,0.8478498000000005
2.935,4.668664599999999,-1.7336645999999987
1.072,1.329010000000001,-0.25701000000000085
1.558,1.4315100000000003,0.12648999999999977
2.13,2.26702,-0.13702000000000014
2.177,2.5017700000000005,-0.32477000000000045
1.614,1.8006600000000004,-0.18666000000000027
3.588,2.9465104000000006,0.6414895999999994
1.212,1.3792199999999994,-0.16721999999999948
1.035,0.9849999999999999,0.050000000000000044
0.682,1.0468800000000003,-0.3648800000000002
1.073,1.2335699999999994,-0.16056999999999944
2.125,1.8933500000000008,0.23164999999999925
1.06,1.5470800999999996,-0.48708009999999957
4.314,3.356060199999998,0.9579398000000019
0.622,0.6296500000000002,-0.007650000000000157
1.705,1.68031,0.0246900000000001
0.656,0.76783,-0.11182999999999998
2.346,2.2273501000000016,0.11864989999999853
1.76,1.6241500000000002,0.1358499999999998
0.67,0.65516,0.014840000000000075
0.708,1.1182899999999996,-0.4102899999999996
3.298,3.3117201000000005,-0.013720100000000457
0.675,2.155261,-1.4802609999999998
1.434,1.5287,-0.0947
2.426,2.0962300000000003,0.3297699999999999
1.701,1.8884,-0.1874
1.019,1.4147800000000001,-0.39578000000000024
1.516,2.1768599999999996,-0.6608599999999996
1.602,1.692110000000001,-0.0901100000000008
1.115,1.2509898999999995,-0.13598989999999955
3.694,3.3127709000000003,0.38122909999999965
2.646,2.699380000000001,-0.05338000000000109
2.167,2.872160199999999,-0.705160199999999
1.659,1.706960000000001,-0.04796000000000089
1.217,1.0668499999999999,0.15015000000000023
2.923,2.6368799999999992,0.2861200000000008
5.00001,4.729045499999994,0.27096450000000605
2.66,2.2305499999999996,0.42945000000000055
1.391,1.56795,-0.17694999999999994
1.917,1.6086,0.3084
3.453,4.344084199999995,-0.891084199999995
1.986,1.9636702000000001,0.022329799999999844
4.785,4.069541199999999,0.7154588000000013
1.341,2.854829999999999,-1.513829999999999
1.446,1.6528100000000001,-0.20681000000000016
1.194,1.5048300000000001,-0.31083000000000016
5.00001,4.863318599999993,0.13669140000000635
1.094,1.6254199999999994,-0.5314199999999993
3.635,2.5535601000000003,1.0814398999999995
1.539,1.6487,-0.10970000000000013
3.404,2.5169508,0.8870491999999999
1.425,1.8903299999999998,-0.4653299999999998
1.428,1.42965,-0.0016500000000001513
2.181,1.9086800000000006,0.27231999999999945
4.93,4.855257699999992,0.07474230000000759
0.525,0.8071799999999996,-0.28217999999999954
5.00001,3.821551699999996,1.1784583000000035
0.58,0.8432400000000004,-0.2632400000000005
0.596,0.7395600000000003,-0.14356000000000035
1.209,1.2527399999999995,-0.043739999999999446
0.517,0.5743099999999999,-0.05730999999999986
2.526,2.4118499999999994,0.11415000000000042
2.421,2.3885300000000007,0.03246999999999911
3.536,3.2096102000000006,0.3263897999999994
2.787,2.84047,-0.053469999999999906
2.132,2.2383800000000007,-0.10638000000000059
3.483,3.1517400999999996,0.3312599000000005
1.508,2.405859999999999,-0.8978599999999992
1.918,2.206,-0.28800000000000003
1.411,1.4997999999999996,-0.08879999999999955
2.835,2.649880099999999,0.185119900000001
0.972,1.0621400000000003,-0.09014000000000033
1.813,1.4507400999999995,0.3622599000000004
1.966,2.0392201,-0.07322010000000012
3.148,3.4870910999999984,-0.3390910999999983
0.792,1.00706,-0.21506000000000003
0.729,0.9571799999999999,-0.22817999999999994
2.863,2.7060399999999993,0.15696000000000065
5.00001,4.927979199999991,0.07203080000000828
2.171,2.56248,-0.39148000000000005
2.713,3.3860106000000005,-0.6730106000000005
1.714,1.9502501000000003,-0.23625010000000035
1.136,1.3246600000000002,-0.18866000000000027
0.969,0.7732599999999998,0.19574000000000014
2.062,2.32304,-0.2610400000000004
1.423,1.4551299999999996,-0.03212999999999955
1.522,1.6128399999999996,-0.09083999999999959
1.393,1.2751500000000004,0.11784999999999957
1.704,1.9963300000000002,-0.2923300000000002
1.337,1.4277700000000002,-0.09077000000000024
0.575,0.7874900000000002,-0.2124900000000003
1.813,1.9430099999999997,-0.13000999999999974
3.544,3.2087202999999995,0.3352797000000005
0.544,0.6887599999999999,-0.1447599999999999
1.445,1.2513700000000005,0.19362999999999952
3.158,2.794109999999998,0.3638900000000018
1.542,3.0326703,-1.4906703
2.322,3.0857700999999995,-0.7637700999999995
1.739,2.090219999999999,-0.351219999999999
1.034,0.8735299999999999,0.1604700000000001
1.45,1.3289199999999999,0.12108000000000008
1.663,2.1072104,-0.4442104
5.0,4.310464199999997,0.6895358000000034
1.573,1.7069100000000004,-0.13391000000000042
2.114,1.8447200000000006,0.2692799999999993
1.313,2.1209001,-0.8079001000000001
5.00001,4.600065299999995,0.39994470000000426
1.333,1.5958500000000004,-0.26285000000000047
0.981,0.9860699999999997,-0.005069999999999686
3.804,2.7474502000000003,1.0565497999999995
1.853,1.8769400000000005,-0.023940000000000516
1.263,0.9426100000000003,0.3203899999999996
3.477,2.9775902,0.4994098
4.306,2.9394401000000014,1.3665598999999986
5.00001,3.8492437999999987,1.150766200000001
1.339,1.3554300000000004,-0.01643000000000039
1.391,1.1929099999999995,0.19809000000000054
1.438,1.29626,0.14173999999999998
1.625,1.5828099999999994,0.042190000000000616
0.696,1.0682900000000002,-0.37229000000000023
1.593,1.5946500000000003,-0.0016500000000003734
4.5,2.5884899999999997,1.9115100000000003
2.514,3.1935305000000005,-0.6795305000000007
1.455,1.6447600000000013,-0.18976000000000126
0.713,0.9054099999999998,-0.19240999999999986
2.772,2.4822501,0.2897498999999999
1.417,1.39683,0.02017000000000002
2.929,2.519460000000001,0.4095399999999989
3.0,2.3851401000000005,0.6148598999999995
3.35,3.219129999999998,0.13087000000000204
1.821,1.5513399999999995,0.26966000000000045
0.644,1.2466800000000005,-0.6026800000000004
0.965,1.2322199999999996,-0.2672199999999997
5.00001,4.914678799999991,0.0853312000000086
1.247,3.1626109,-1.9156108999999997
3.3,3.1471701000000007,0.15282989999999907
0.906,1.13194,-0.22593999999999992
1.103,0.7772199999999998,0.3257800000000002
3.097,3.282249999999999,-0.18524999999999903
3.025,3.140320299999999,-0.11532029999999915
4.925,3.3820507,1.5429492999999996
3.375,2.855900099999999,0.519099900000001
1.511,1.6819600000000003,-0.17096000000000044
1.944,2.1685700000000003,-0.22457000000000038
5.00001,4.98658969999999,0.01342030000000971
1.813,1.986289999999999,-0.17328999999999906
1.571,1.5775600000000005,-0.006560000000000565
1.875,2.115550200000001,-0.24055020000000082
1.694,1.5299099999999997,0.1640900000000003
5.00001,2.8916702000000005,2.108339799999999
1.358,1.2180600000000006,0.1399399999999995
3.221,3.352359999999999,-0.13135999999999903
0.947,1.10566,-0.15866000000000013
2.86,2.783879999999999,0.07612000000000085
1.135,1.1996799999999994,-0.0646799999999994
2.683,2.0709299999999997,0.6120700000000001
0.964,0.8998500000000007,0.06414999999999926
0.984,0.9483300000000005,0.035669999999999535
1.438,1.0517999999999994,0.38620000000000054
1.089,0.9738600000000004,0.11513999999999958
1.75,2.27137,-0.5213700000000001
1.04,1.01085,0.02915000000000001
1.576,1.9239400000000004,-0.34794000000000036
2.318,1.8701699999999999,0.4478300000000002
1.506,1.4991300000000003,0.00686999999999971
0.87,1.29958,-0.42957999999999996
1.764,2.288799999999999,-0.5247999999999988
2.411,2.8207999999999998,-0.4097999999999997
1.849,1.95715,-0.10814999999999997
3.218,3.4135605,-0.19556050000000003
3.181,3.0172499999999998,0.16375000000000028
3.0,3.203290600000001,-0.2032906000000012
1.33,1.2078199999999997,0.1221800000000004
1.422,1.4655499999999995,-0.043549999999999534
1.468,1.6506300000000005,-0.18263000000000051
5.00001,4.954959399999989,0.04505060000001038
1.219,1.0545199999999997,0.1644800000000004
1.214,1.8280999999999994,-0.6140999999999994
0.891,1.1314099999999998,-0.2404099999999998
2.083,2.1753000000000013,-0.09230000000000116
1.796,1.8764699999999996,-0.0804699999999996
2.75,4.163081999999996,-1.4130819999999957
2.302,2.28933,0.012669999999999959
1.126,1.510709999999999,-0.3847099999999992
1.62,1.6362299999999996,-0.016229999999999523
2.552,2.8845618999999982,-0.3325618999999982
1.31,1.8045103999999998,-0.4945103999999998
1.854,2.2146600000000003,-0.3606600000000002
1.375,2.9181805,-1.5431805
1.411,1.6043700000000003,-0.19337000000000026
1.75,1.5927699999999996,0.15723000000000042
1.034,1.2806800000000005,-0.24668000000000045
1.721,1.6122299999999994,0.1087700000000007
3.645,3.3253900000000014,0.3196099999999986
2.125,1.9333200000000008,0.19167999999999918
2.152,1.9167999999999992,0.23520000000000096
2.161,1.4997100000000003,0.6612899999999997
3.825,3.185860700000001,0.6391392999999992
0.794,1.0971000000000002,-0.30310000000000015
1.632,1.1884199999999998,0.4435800000000001
3.4,2.6308402999999987,0.7691597000000012
1.808,1.8897499999999996,-0.08174999999999955
1.271,1.7460101000000001,-0.4750101000000002
2.979,2.9573501999999974,0.021649800000002717
1.945,1.9092600000000006,0.03573999999999944
2.896,2.8960199999999987,-1.9999999998798756e-05
0.875,1.41836,-0.5433600000000001
2.573,1.9293300000000002,0.6436699999999997
1.409,2.23539,-0.8263900000000002
1.449,0.9621499999999998,0.4868500000000002
2.524,2.4460500000000014,0.07794999999999863
2.171,2.9686300000000005,-0.7976300000000007
2.325,2.576140099999999,-0.25114009999999887
0.921,1.12179,-0.20079000000000002
0.645,1.0974399999999997,-0.45243999999999973
2.209,2.0611500000000005,0.1478499999999996
2.967,2.5835201000000008,0.3834798999999993
5.00001,4.525954999999994,0.4740550000000052
1.798,1.1510000000000002,0.6469999999999998
1.116,1.42981,-0.3138099999999999
2.072,1.7509299999999999,0.3210700000000002
3.79,3.2692705999999983,0.5207294000000018
1.599,1.5437299999999998,0.05527000000000015
1.739,2.351010899999999,-0.6120108999999989
1.789,1.70853,0.08046999999999982
1.313,1.2301900000000006,0.08280999999999938
2.917,2.6696815000000003,0.24731849999999955
2.254,2.0439000000000003,0.21009999999999973
1.283,1.2846799999999996,-0.0016799999999996817
5.00001,3.959022799999998,1.0409872000000018
1.269,1.0274799999999997,0.24152000000000018
2.75,2.2775500000000006,0.47244999999999937
1.577,2.620230600000001,-1.0432306000000011
5.00001,4.589725099999997,0.4102849000000024
1.849,1.875210000000001,-0.026210000000000955
1.903,2.59827,-0.6952699999999998
2.18,2.0403599999999993,0.13964000000000087
2.688,1.9506503999999996,0.7373496000000006
1.118,1.0232599999999998,0.09474000000000027
3.058,2.9814300000000005,0.07656999999999936
1.938,1.9634599999999995,-0.025459999999999594
2.242,2.0821899999999998,0.15981000000000023
1.125,2.2165406,-1.0915406
3.266,2.97341,0.29259000000000013
2.24,2.1278899999999985,0.11211000000000171
1.875,2.2528299999999994,-0.37782999999999944
1.375,1.0840200000000004,0.2909799999999996
2.109,2.144260600000001,-0.035260600000000863
3.394,2.7610300999999993,0.6329699000000009
5.00001,5.000009999999989,1.0658141036401503e-14
0.946,1.0688000000000002,-0.12280000000000024
1.026,1.0142199999999995,0.011780000000000568
0.816,0.9258699999999993,-0.10986999999999936
1.794,1.7620799999999996,0.03192000000000039
4.837,4.380033799999996,0.45696620000000365
1.591,1.4397300000000002,0.1512699999999998
1.713,1.8537800000000002,-0.14078000000000013
1.922,2.2542402000000017,-0.33224020000000176
2.985,3.4110809999999994,-0.4260809999999995
1.846,1.8731900000000001,-0.027190000000000047
2.09,2.1866099999999995,-0.09660999999999964
1.807,2.02573,-0.21872999999999987
1.252,1.7354300999999999,-0.48343009999999986
2.091,2.70074,-0.60974
3.821,2.677370100000002,1.1436298999999983
2.278,2.00893,0.26907000000000014
2.069,1.7815299999999994,0.28747000000000056
1.194,1.1065899999999993,0.08741000000000065
0.983,0.9099800000000003,0.07301999999999964
0.889,0.9411499999999997,-0.0521499999999997
2.495,2.9391703000000002,-0.44417030000000013
3.189,2.3591505,0.8298494999999999
1.828,1.8201699999999996,0.007830000000000448
2.799,2.491280000000001,0.3077199999999989
4.048,3.1611504000000004,0.8868495999999997
4.171,3.958372,0.21262800000000048
1.431,1.4564100000000002,-0.025410000000000155
2.84,2.8300600000000027,0.009939999999997173
2.414,2.5520802999999983,-0.13808029999999816
4.13,3.6239310999999996,0.5060689000000003
0.927,0.9810800000000011,-0.054080000000001016
0.58,0.92991,-0.34991000000000005
1.625,1.56953,0.05546999999999991
3.711,3.816360700000002,-0.10536070000000208
2.268,3.262630799999999,-0.994630799999999
0.932,0.8184400000000003,0.11355999999999977
1.08,1.1670400000000003,-0.08704000000000023
5.00001,3.584080199999997,1.4159298000000025
1.65,1.8341999999999987,-0.1841999999999988
1.648,1.7179400000000005,-0.06994000000000056
1.531,1.84817,-0.3171700000000002
1.958,1.8059899999999995,0.15201000000000042
3.373,4.021222499999999,-0.6482224999999984
0.685,0.6468300000000002,0.038169999999999815
2.688,2.681910500000001,0.006089499999998971
1.333,1.8011500000000005,-0.4681500000000005
1.254,1.26861,-0.014610000000000012
4.125,3.1822303000000023,0.9427696999999977
2.697,1.9473999999999998,0.7496000000000003
0.949,1.10644,-0.15744000000000014
2.291,2.4182400000000013,-0.12724000000000135
2.05,3.1264504,-1.0764504000000001
1.875,2.4970805,-0.6220805
2.148,1.8476400000000013,0.30035999999999885
5.00001,3.9101719999999984,1.0898380000000012
0.56,0.6655599999999998,-0.10555999999999977
1.557,1.68173,-0.12473000000000001
2.208,2.6248700999999994,-0.41687009999999924
1.55,1.4865499999999998,0.06345000000000023
1.333,1.4052599999999995,-0.07225999999999955
1.256,1.5654999999999994,-0.30949999999999944
1.74,1.7381000000000002,0.0018999999999997907
3.305,2.5639900000000013,0.7410099999999988
3.943,4.081052499999999,-0.13805249999999925
1.594,2.17465,-0.5806500000000001
2.409,2.532919999999999,-0.12391999999999914
2.92,3.0632500000000005,-0.14325000000000054
2.232,1.8345899999999988,0.3974100000000014
1.139,1.53756,-0.39856
0.952,2.0132099999999995,-1.0612099999999995
1.267,1.3954099999999996,-0.1284099999999997
0.845,0.9797399999999996,-0.13473999999999964
0.623,0.8518599999999996,-0.22885999999999962
0.95,1.1593800000000005,-0.20938000000000057
1.625,1.9000001,-0.27500009999999997
1.731,1.9185600000000007,-0.18756000000000062
1.402,1.5846499999999997,-0.18264999999999976
2.049,2.3844099999999986,-0.33540999999999865
1.413,1.1375300000000004,0.27546999999999966
4.029,4.388863299999996,-0.3598632999999962
3.797,2.9186702999999996,0.8783297000000005
1.949,1.9887699999999997,-0.03976999999999964
0.957,0.98262,-0.025620000000000087
5.00001,3.2388103999999993,1.7611996000000003
2.616,2.50804,0.10796000000000028
5.00001,4.293692499999999,0.7063175000000008
0.847,0.9188600000000006,-0.07186000000000059
2.122,2.42778,-0.30577999999999994
1.928,2.247979999999999,-0.31997999999999927
2.227,4.0386515,-1.8116515000000004
5.00001,5.000009999999989,1.0658141036401503e-14
2.181,1.9826099999999984,0.19839000000000162
5.00001,4.928137999999992,0.07187200000000793
1.468,1.6876900000000006,-0.2196900000000006
1.39,1.94762,-0.55762
1.706,2.2784999999999997,-0.5724999999999998
1.293,1.2311999999999999,0.06180000000000008
1.297,1.3320899999999996,-0.03508999999999962
0.816,0.7909400000000001,0.02505999999999986
2.095,2.8573301,-0.7623300999999998
0.92,1.6765701,-0.7565700999999999
1.32,1.1775200000000006,0.1424799999999995
2.177,2.01807,0.15893000000000024
1.455,1.43006,0.024939999999999962
1.313,1.6192699999999995,-0.3062699999999996
1.5,1.313380000000001,0.1866199999999989
2.184,1.7495899999999989,0.4344100000000013
2.727,3.214580800000001,-0.48758080000000126
0.58,0.6594,-0.07940000000000003
0.886,0.9572400000000001,-0.07124000000000008
1.915,1.9439599999999997,-0.028959999999999653
3.086,2.8117000000000014,0.27429999999999843
2.649,2.962939999999999,-0.3139399999999988
1.208,1.2561299999999995,-0.04812999999999956
2.242,2.2817499999999997,-0.03974999999999973
0.565,0.8721000000000002,-0.30710000000000026
2.554,2.2905700000000007,0.26342999999999916
2.145,2.89365,-0.74865
3.032,3.1355701999999983,-0.10357019999999828
0.831,0.7854100000000003,0.045589999999999686
1.88,2.1916199999999995,-0.31161999999999956
2.524,2.5666200000000003,-0.042620000000000324
2.405,2.0712900000000003,0.3337099999999995
2.258,2.5544801,-0.29648010000000014
1.657,1.9255899999999995,-0.26858999999999944
3.209,3.4081911000000016,-0.1991911000000015
2.099,2.24361,-0.14460999999999968
0.225,1.5643499999999992,-1.3393499999999992
5.00001,4.683085899999996,0.31692410000000404
1.918,2.0028899999999994,-0.08488999999999947
0.867,0.98915,-0.12214999999999998
3.793,4.521662899999993,-0.7286628999999927
0.517,0.5391999999999997,-0.022199999999999664
2.021,1.7348299999999994,0.2861700000000005
4.277,4.505413999999998,-0.22841399999999812
0.634,0.6507700000000001,-0.016770000000000063
1.798,2.824060400000001,-1.0260604000000009
0.685,1.2735599999999996,-0.5885599999999995
2.334,2.53876,-0.20475999999999983
1.852,1.9796700000000005,-0.1276700000000004
2.25,2.5463600000000004,-0.2963600000000004
2.467,2.671009999999999,-0.20400999999999891
0.929,0.9720800000000003,-0.04308000000000023
2.518,2.52481,-0.006810000000000205
3.685,2.980550199999998,0.7044498000000021
5.00001,3.722212499999998,1.2777975000000015
1.044,1.0481200000000002,-0.0041200000000001236
2.785,3.3976101000000023,-0.6126101000000022
1.99,1.69684,0.2931600000000001
1.145,1.2486099999999993,-0.10360999999999931
1.548,1.8910200999999993,-0.3430200999999993
1.589,1.6913901000000002,-0.10239010000000026
0.75,1.495649999999999,-0.745649999999999
2.08,2.0446299999999984,0.03537000000000168
0.675,1.9268199999999993,-1.2518199999999993
0.882,0.9898899999999997,-0.10788999999999971
1.497,1.776909999999999,-0.279909999999999
1.186,1.1992000000000007,-0.013200000000000767
2.25,3.709931700000001,-1.4599317000000012
2.304,2.47375,-0.16975000000000007
3.265,2.5496201,0.7153799000000003
1.605,2.3148599999999995,-0.7098599999999995
1.648,1.7445499999999998,-0.09654999999999991
0.833,0.8727299999999996,-0.0397299999999996
1.894,1.98375,-0.08975
5.00001,5.000009999999989,1.0658141036401503e-14
1.594,1.6753700000000002,-0.08137000000000016
1.055,1.3745000000000007,-0.3195000000000008
0.946,1.2504099999999998,-0.30440999999999985
1.549,1.8709499999999994,-0.3219499999999995
2.164,2.4647902000000004,-0.30079020000000023
2.518,2.303229999999999,0.21477000000000102
1.156,1.6965299999999994,-0.5405299999999995
1.832,1.9969001000000004,-0.16490010000000033
5.00001,4.9815397999999895,0.018470200000010095
2.5,2.22622,0.2737799999999999
5.00001,4.549065199999998,0.45094480000000203
1.964,1.9648601000000006,-0.0008601000000005854
3.338,3.8046006,-0.46660060000000003
1.206,1.16152,0.04447999999999985
1.591,1.5021099999999992,0.0888900000000008
2.167,2.504940099999999,-0.3379400999999991
2.653,2.47602,0.17697999999999992
0.865,0.8785599999999997,-0.013559999999999683
3.804,3.934431600000001,-0.13043160000000098
0.742,0.6244100000000002,0.11758999999999975
1.75,2.1292500000000003,-0.3792500000000003
1.2,1.4231300000000002,-0.22313000000000027
1.815,2.3200299999999996,-0.5050299999999996
0.94,1.2132899999999998,-0.2732899999999998
2.757,2.2636500999999996,0.49334990000000056
2.336,2.4933100000000006,-0.15731000000000073
1.962,2.2250401000000006,-0.26304010000000067
2.649,3.1802211999999996,-0.5312211999999996
2.816,3.5099416999999993,-0.6939416999999994
2.302,2.2012300000000007,0.10076999999999936
2.004,2.328620099999999,-0.32462009999999886
1.739,1.1771299999999998,0.5618700000000003
2.743,1.7898600000000005,0.9531399999999994
2.053,2.2992500000000002,-0.2462500000000003
1.61,2.2834200999999994,-0.6734200999999993
1.469,1.46309,0.005910000000000082
5.00001,4.869247099999993,0.1307629000000068
2.034,1.9830899999999998,0.05091000000000001
2.638,2.9252205000000004,-0.28722050000000054
4.815,4.344821999999997,0.4701780000000033
5.0,4.724227399999991,0.2757726000000087
1.137,1.2519899999999995,-0.11498999999999948
3.359,3.5632405,-0.20424050000000005
0.859,0.9213900000000004,-0.06239000000000039
1.225,1.07266,0.15234000000000014
3.284,2.8502400000000008,0.43375999999999904
1.404,1.3014399999999997,0.1025600000000002
1.378,1.3243900000000004,0.05360999999999949
1.621,1.8418100999999996,-0.22081009999999957
0.894,0.8854400000000001,0.008559999999999901
1.289,1.3452599999999988,-0.056259999999998866
1.208,1.3166700000000002,-0.10867000000000027
1.324,1.5675,-0.24349999999999983
0.813,0.7408400000000002,0.07215999999999978
2.012,1.4539399999999996,0.5580600000000004
2.233,1.6732999999999996,0.5597000000000005
0.732,0.8126000000000003,-0.08060000000000034
2.304,1.81501,0.4889899999999998
1.077,1.0247999999999997,0.052200000000000246
1.612,2.1190999999999995,-0.5070999999999994
1.365,1.9367400000000001,-0.5717400000000001
1.535,1.7952000000000004,-0.26020000000000043
2.444,2.8984105000000016,-0.4544105000000016
1.139,1.7228799999999997,-0.5838799999999997
5.00001,4.966979799999989,0.033030200000010446
1.831,1.3069499999999998,0.5240500000000001
2.76,2.4007100999999995,0.3592899000000003
0.3,0.8092899999999998,-0.5092899999999998
0.663,0.9321499999999997,-0.26914999999999967
0.625,1.2242700999999998,-0.5992700999999998
0.756,0.8825399999999998,-0.12653999999999976
3.57,2.5636799999999975,1.0063200000000023
0.652,0.78205,-0.13005
2.167,2.0842499999999995,0.08275000000000032
2.098,2.127680000000001,-0.02968000000000126
0.697,0.7095399999999995,-0.012539999999999552
4.3,3.3489306,0.9510693999999997
2.25,1.25704,0.9929600000000001
2.1,2.905550100000002,-0.8055501000000018
2.102,2.044850000000001,0.0571499999999987
1.334,1.5219699999999994,-0.1879699999999993
3.307,3.408200100000002,-0.10120010000000201
2.043,1.40011,0.6428900000000002
2.339,2.731520000000001,-0.3925200000000011
1.706,1.35801,0.34799
1.352,1.4389300000000005,-0.0869300000000004
1.338,1.65453,-0.31653
0.905,0.8614199999999996,0.043580000000000396
0.465,0.5218399999999994,-0.05683999999999939
0.938,1.1906500000000002,-0.25265000000000026
0.975,1.1211700000000002,-0.14617000000000024
1.207,1.48144,-0.27444
2.245,2.1529599999999998,0.09204000000000034
1.323,1.545469999999999,-0.22246999999999906
1.438,1.4980899999999997,-0.060089999999999755
2.362,2.55365,-0.1916500000000001
0.672,0.6774399999999998,-0.005439999999999778
1.601,1.64615,-0.04515000000000002
1.838,1.7537,0.08430000000000004
0.933,0.9388399999999999,-0.005839999999999845
4.063,3.393310099999999,0.6696899000000007
1.17,1.2323401,-0.06234010000000012
3.425,3.3638703,0.061129699999999954
1.603,1.64705,-0.04404999999999992
2.356,1.9684399999999984,0.38756000000000146
1.313,1.53543,-0.22243000000000013
4.409,4.680664899999993,-0.2716648999999931
2.048,2.366949999999999,-0.3189499999999992
2.852,2.7297500999999995,0.12224990000000036
2.335,1.6470000000000005,0.6879999999999995
2.077,2.118940000000001,-0.0419400000000012
0.685,1.10356,-0.41856000000000004
5.00001,4.265713299999996,0.7342967000000034
1.429,1.8076299999999998,-0.3786299999999998
1.174,1.3287199999999997,-0.15471999999999975
1.992,2.165279999999999,-0.1732799999999992
0.786,0.8214199999999998,-0.035419999999999785
2.052,2.35826,-0.30626
2.841,2.9049,-0.06389999999999985
5.00001,4.246603099999998,0.7534069000000017
3.194,3.7170014999999985,-0.5230014999999986
0.938,1.3971,-0.45910000000000006
4.438,4.714024899999994,-0.27602489999999413
2.511,2.423670199999999,0.0873298000000009
1.375,1.1214000000000004,0.2535999999999996
1.15,2.5436001999999998,-1.3936001999999998
2.13,2.7592899999999996,-0.6292899999999997
4.163,4.130300700000004,0.032699299999996434
4.5,2.3442410000000002,2.1557589999999998
1.585,2.0887699999999993,-0.5037699999999994
0.999,1.1955999999999998,-0.19659999999999977
1.71,1.9616400000000005,-0.25164000000000053
1.008,1.0317499999999997,-0.023749999999999716
3.189,2.9725702999999997,0.2164297000000004
1.444,1.3419100000000004,0.10208999999999957
1.223,1.5174499999999995,-0.29444999999999943
0.656,1.0097299999999994,-0.3537299999999993
0.675,0.6573099999999995,0.01769000000000054
2.69,3.1760304999999995,-0.4860304999999996
1.566,1.6431900000000004,-0.07719000000000031
1.516,1.9963000000000009,-0.48030000000000084
2.803,3.0319,-0.22889999999999988
0.575,1.3800703999999997,-0.8050703999999997
0.695,0.7348999999999996,-0.0398999999999996
2.5,3.730141099999997,-1.2301410999999969
1.012,0.9408400000000001,0.07115999999999989
1.25,1.4059,-0.15589999999999993
2.139,4.743977199999993,-2.604977199999993
2.188,2.21187,-0.023869999999999614
2.708,2.15538,0.5526200000000001
1.438,1.5841199999999998,-0.1461199999999998
1.457,1.34044,0.11656
5.00001,4.998319899999989,0.0016901000000109079
1.422,1.5955401000000002,-0.1735401000000003
1.109,1.0441300000000002,0.06486999999999976
2.658,2.4722100000000022,0.18578999999999768
2.167,2.9796800000000006,-0.8126800000000007
2.64,1.8688800000000012,0.7711199999999989
0.886,0.8720499999999997,0.013950000000000351
1.984,2.116609899999999,-0.13260989999999895
1.967,2.6946599999999994,-0.7276599999999993
0.64,0.7585900000000002,-0.1185900000000002
2.241,2.656310300000001,-0.4153103000000007
2.047,2.2542402999999998,-0.2072402999999996
1.89,2.02568,-0.13568000000000002
1.85,2.1459300999999997,-0.29593009999999964
0.6,1.5903204999999998,-0.9903204999999998
1.162,1.3401799999999993,-0.17817999999999934
1.276,1.9195799999999992,-0.6435799999999992
0.813,1.3172499999999987,-0.5042499999999988
3.482,3.6674312000000016,-0.18543120000000135
1.06,1.2457300000000007,-0.18573000000000062
0.572,0.6997699999999999,-0.12776999999999994
3.742,3.4311306000000017,0.3108693999999983
2.556,2.6006399999999985,-0.04463999999999846
1.393,1.3027000000000002,0.09029999999999982
2.817,2.3497,0.46730000000000027
1.622,1.73258,-0.1105799999999999
1.187,1.3809101000000006,-0.19391010000000053
1.243,1.35881,-0.11580999999999997
1.74,1.6353499999999987,0.10465000000000124
1.604,1.6719899999999999,-0.06798999999999977
5.00001,1.8721405000000002,3.127869499999999
2.34,2.6168700999999994,-0.27687009999999956
5.00001,3.8310113000000006,1.168998699999999
1.645,1.7253300000000007,-0.08033000000000068
2.127,1.82589,0.30110999999999977
2.041,2.6989500000000004,-0.6579500000000005
1.478,2.1199601999999995,-0.6419601999999995
0.501,0.5032099999999999,-0.0022099999999999342
1.5,1.0095999999999998,0.49040000000000017
2.212,2.4471299999999996,-0.2351299999999994
1.929,2.03326,-0.1042599999999998
2.437,2.2610702000000007,0.17592979999999914
2.482,1.46216,1.0198400000000003
2.07,1.92713,0.14286999999999983
0.906,0.8906499999999998,0.015350000000000197
1.876,2.2785999999999995,-0.4025999999999996
1.247,1.4250599999999998,-0.17805999999999966
1.26,1.2560900000000002,0.003909999999999858
2.265,2.3534302000000005,-0.08843020000000035
3.656,3.0338801000000006,0.6221198999999995
1.871,2.194550099999999,-0.32355009999999895
3.844,2.8433499999999987,1.0006500000000011
2.697,3.123920000000002,-0.42692000000000174
2.226,2.1382,0.0878000000000001
0.98,1.0856000000000003,-0.10560000000000036
2.633,3.11547,-0.4824700000000002
1.03,1.5423399999999996,-0.5123399999999996
1.625,1.8029999999999993,-0.17799999999999927
2.181,2.4394899999999993,-0.2584899999999992
1.757,1.9801600000000001,-0.22316000000000025
1.633,1.695280100000001,-0.06228010000000106
1.161,1.3378900000000002,-0.1768900000000002
1.612,1.7257399999999996,-0.11373999999999951
1.957,1.8878900000000007,0.06910999999999934
1.658,1.8704599999999993,-0.21245999999999943
2.554,2.38378,0.17022000000000004
1.946,2.1844406,-0.2384405999999999
2.847,2.5392699999999992,0.3077300000000007
1.918,1.8937900000000005,0.0242099999999994
1.851,2.050550199999999,-0.19955019999999912
2.375,2.3369909000000013,0.038009099999998686
0.426,0.5641599999999999,-0.1381599999999999
1.029,1.30314,-0.27414000000000005
1.434,1.2786100000000002,0.1553899999999997
2.625,2.480829999999999,0.1441700000000008
2.409,1.6966399999999995,0.7123600000000003
1.615,2.2730599999999996,-0.6580599999999996
1.364,1.4516299999999993,-0.08762999999999921
3.134,3.1746200000000004,-0.040620000000000545
1.815,1.5892000000000004,0.22579999999999956
3.26,3.102220199999999,0.15777980000000058
1.434,1.5865099999999992,-0.15250999999999926
0.53,0.6202299999999998,-0.09022999999999981
2.021,1.863959999999999,0.15704000000000096
1.563,1.6242099999999993,-0.06120999999999932
4.85,3.6600319999999984,1.1899680000000012
2.48,2.63072,-0.1507200000000002
3.281,3.015960099999999,0.265039900000001
2.353,1.9711300000000003,0.38186999999999993
1.955,1.8927299999999996,0.06227000000000049
2.184,2.13733,0.04667000000000021
1.379,1.543030000000001,-0.164030000000001
3.313,2.501430200000002,0.8115697999999982
2.75,2.7089299999999996,0.041070000000000384
2.003,2.0242199999999992,-0.02121999999999913
1.305,0.9647798999999998,0.34022010000000014
3.772,3.7032401,0.06875989999999987
5.00001,4.1731041999999965,0.8269058000000031
1.527,1.4426999999999999,0.08430000000000004
2.322,2.442300000000002,-0.12030000000000207
1.023,1.0026801,0.020319899999999835
1.819,1.8579199999999998,-0.038919999999999844
1.625,1.9724301999999998,-0.3474301999999998
0.913,1.0306799,-0.11767989999999995
3.354,2.8559401,0.4980598999999999
2.633,2.8877300000000004,-0.25473000000000035
0.525,0.62005,-0.09504999999999997
1.486,1.8404000000000003,-0.35440000000000027
2.85,3.883102899999999,-1.033102899999999
0.808,0.7377100000000002,0.07028999999999985
2.684,3.292001299999999,-0.6080012999999989
0.988,1.2039700000000007,-0.21597000000000066
1.153,1.1953,-0.042300000000000004
1.381,1.4088899999999998,-0.02788999999999975
3.444,1.7466300000000006,1.6973699999999994
1.388,1.8798503000000002,-0.4918503000000003
1.714,1.52171,0.19229000000000007
1.869,1.9065800000000008,-0.037580000000000835
0.719,0.7044800000000003,0.014519999999999644
1.346,2.25225,-0.90625
2.086,2.4924900000000005,-0.4064900000000007
2.306,2.9485507000000006,-0.6425507000000006
0.489,0.5373200000000001,-0.04832000000000014
1.396,1.4223399999999995,-0.026339999999999586
1.475,1.43413,0.040870000000000184
5.00001,3.6686224999999966,1.331387500000003
1.44,1.4926200000000003,-0.05262000000000033
3.291,2.9026201999999994,0.3883798000000005
3.586,3.2787801999999977,0.30721980000000215
1.45,1.608069999999999,-0.15806999999999904
1.647,1.6652199999999997,-0.01821999999999968
0.911,1.2447999999999997,-0.33379999999999965
2.04,2.7817609000000005,-0.7417609000000005
1.438,1.2329700000000001,0.20502999999999982
2.016,2.1175399999999986,-0.10153999999999863
0.695,0.7385399999999998,-0.0435399999999998
1.424,1.9815400000000007,-0.5575400000000008
0.816,0.7513799999999997,0.06462000000000023
3.623,3.3034499999999993,0.3195500000000009
0.824,0.84544,-0.021440000000000015
1.286,2.2667000000000006,-0.9807000000000006
2.403,2.544429999999999,-0.14142999999999883
4.118,4.849337899999992,-0.7313378999999918
0.848,0.98127,-0.13327
1.415,2.00632,-0.5913200000000001
1.434,1.6201900000000002,-0.1861900000000003
0.775,1.0725900000000002,-0.29759000000000013
0.633,0.8830899999999998,-0.2500899999999998
1.741,1.818,-0.07699999999999996
2.819,2.660730000000001,0.15826999999999902
1.531,1.4428500000000002,0.08814999999999973
1.625,1.7753504000000004,-0.15035040000000044
2.058,1.7590999999999999,0.29889999999999994
1.431,1.4269400000000005,0.0040599999999995084
2.409,2.74884,-0.33984000000000014
1.042,1.10524,-0.06323999999999996
2.346,2.1360201,0.2099799
2.906,2.29068,0.6153200000000001
2.0,2.0775199999999994,-0.07751999999999937
3.671,3.7480104000000005,-0.0770104000000007
1.388,1.4824800000000005,-0.09448000000000056
2.994,2.5928104999999992,0.401189500000001
3.488,3.1820309999999994,0.3059690000000006
4.688,4.295592699999997,0.392407300000003
2.773,3.6159508999999974,-0.8429508999999973
2.634,2.919180200000001,-0.285180200000001
1.151,1.3321000000000003,-0.18110000000000026
2.55,2.3272001999999987,0.2227998000000011
1.333,0.9733400000000002,0.35965999999999976
1.05,1.2637600000000002,-0.21376000000000017
1.563,1.8110300000000001,-0.2480300000000002
1.438,2.25372,-0.81572
0.743,0.9805299999999998,-0.2375299999999998
0.993,1.0492900000000005,-0.056290000000000506
1.421,1.7284899999999994,-0.3074899999999994
2.65,3.3930318999999995,-0.7430318999999996
2.571,2.5989900000000006,-0.027990000000000403
1.625,1.6492799999999994,-0.024279999999999413
5.00001,2.7383102000000004,2.2616997999999993
2.941,3.080901899999999,-0.13990189999999902
0.688,0.9480400000000004,-0.2600400000000005
2.284,2.6758202,-0.3918202000000002
2.265,2.17109,0.09391000000000016
3.485,3.8225204999999987,-0.3375204999999988
1.446,1.2547702,0.1912297999999999
0.761,1.0456400000000001,-0.2846400000000001
2.559,2.0696199999999996,0.4893800000000006
1.268,1.5152100000000004,-0.24721000000000037
1.271,1.5966500000000001,-0.3256500000000002
1.102,1.01777,0.08423000000000003
2.043,2.3250999999999995,-0.28209999999999935
0.73,0.7469199999999997,-0.016919999999999713
1.665,2.0941999999999994,-0.42919999999999936
0.897,1.7195199999999995,-0.8225199999999995
4.083,2.9560706999999984,1.1269293000000018
0.79,1.0175899999999993,-0.2275899999999993
1.016,1.0780299999999998,-0.06202999999999981
1.905,1.6907200000000009,0.21427999999999914
2.268,2.6025102,-0.3345102000000004
5.00001,3.9678535999999975,1.032156400000002
0.847,0.7548198999999997,0.09218010000000032
2.877,1.8640800000000015,1.0129199999999983
0.632,0.7767600000000001,-0.1447600000000001
2.524,2.7554999999999996,-0.2314999999999996
0.55,2.4186601999999997,-1.8686601999999997
3.798,3.394310099999999,0.40368990000000116
1.994,2.4489700999999995,-0.4549700999999995
1.344,1.2312999999999996,0.11270000000000047
2.645,2.44038,0.2046199999999998
0.984,1.0086700000000002,-0.024670000000000192
4.442,4.245531999999997,0.19646800000000297
1.706,1.6361900000000003,0.0698099999999997
0.814,1.04326,-0.22926000000000013
1.092,1.3237299999999996,-0.23172999999999955
1.604,1.5870800000000003,0.016919999999999824
2.68,1.9454100000000003,0.7345899999999999
3.25,2.8173608000000008,0.4326391999999992
4.383,3.180030499999999,1.202969500000001
3.83,3.581220999999998,0.24877900000000208
1.095,1.709619999999999,-0.6146199999999991
1.599,2.19672,-0.59772
1.231,1.4743899999999999,-0.24338999999999977
4.734,4.206750199999999,0.5272498000000008
2.193,1.9502000999999998,0.2427999000000003
1.388,1.22601,0.16198999999999986
1.287,1.8509799999999985,-0.5639799999999986
1.464,1.61549,-0.15149000000000012
1.833,2.0176000000000007,-0.18460000000000076
4.758,4.95479929999999,-0.19679929999998969
3.952,4.061703199999996,-0.10970319999999578
3.839,4.402202899999998,-0.5632028999999981
0.633,0.58009,0.05291000000000001
1.0,1.1138700000000006,-0.11387000000000058
3.335,3.172899999999999,0.16210000000000102
1.643,1.9036600999999984,-0.2606600999999984
2.331,2.665840100000001,-0.334840100000001
2.93,2.467919999999999,0.46208000000000116
1.412,3.028020000000002,-1.616020000000002
1.235,0.9838500000000004,0.25114999999999965
0.538,0.6036698999999998,-0.06566989999999973
2.83,4.484954199999997,-1.654954199999997
2.409,2.694219999999998,-0.28521999999999803
0.635,0.7968599999999998,-0.16185999999999978
0.658,0.7678200000000001,-0.10982000000000003
3.109,3.2201502,-0.11115019999999998
2.583,2.279199999999998,0.30380000000000207
1.125,2.681120000000001,-1.5561200000000008
0.998,0.9147799999999997,0.0832200000000003
2.482,2.5410500000000003,-0.05905000000000005
1.375,1.6257201000000003,-0.25072010000000033
2.674,2.7096000000000005,-0.03560000000000052
1.406,1.5914999999999995,-0.18549999999999955
2.839,2.7345600000000005,0.10443999999999942
2.365,2.22193,0.14307000000000025
2.559,2.6072899999999986,-0.04828999999999839
1.463,1.6059199999999998,-0.14291999999999971
3.939,3.7831523,0.15584770000000026
1.695,2.079599999999999,-0.3845999999999987
0.612,0.6298299999999998,-0.01782999999999979
1.375,1.4462404,-0.07124039999999998
0.691,0.9575400000000006,-0.26654000000000067
1.447,1.2307200000000007,0.21627999999999936
0.882,0.8775700000000003,0.004429999999999712
5.00001,4.97827909999999,0.021730900000009434
2.4,2.41073,-0.010730000000000128
1.742,3.0833605999999993,-1.3413605999999993
3.878,2.6269305,1.2510695000000003
1.403,1.6989699999999999,-0.29596999999999984
2.726,2.7222201,0.003779900000000058
1.517,1.6736200000000006,-0.15662000000000065
1.708,1.8721999999999996,-0.16419999999999968
0.884,1.0091800000000006,-0.12518000000000062
1.079,1.1055800000000005,-0.026580000000000492
1.769,1.6948600000000005,0.07413999999999943
1.375,1.7323301,-0.3573301
0.819,0.8643199999999994,-0.04531999999999947
1.696,1.4465999999999997,0.2494000000000003
1.058,1.11918,-0.06118000000000001
0.906,1.1703299999999994,-0.2643299999999994
0.685,0.9921899999999997,-0.30718999999999963
1.76,2.0028599999999996,-0.24285999999999963
1.136,1.7486000999999987,-0.6126000999999988
0.645,0.7486300000000001,-0.10363000000000011
1.417,1.1329400000000003,0.28405999999999976
2.7,1.6980999999999995,1.0019000000000007
0.574,0.5491800000000001,0.024819999999999842
2.882,2.3666700000000005,0.5153299999999996
1.542,1.3693899999999999,0.17261000000000015
0.713,1.2155599999999993,-0.5025599999999993
1.0,1.2497199999999993,-0.24971999999999928
1.08,1.1969500000000002,-0.11695000000000011
1.53,1.4541600000000003,0.07583999999999969
0.939,1.3164699999999996,-0.37746999999999964
1.042,0.9621699999999999,0.07983000000000018
0.646,0.9115900000000003,-0.2655900000000003
1.739,2.0892999999999997,-0.3502999999999996
0.587,0.52338,0.06362000000000001
1.043,1.21462,-0.1716200000000001
1.646,1.127599999999999,0.5184000000000009
5.00001,4.889435299999995,0.11057470000000436
1.603,1.5866999999999998,0.016300000000000203
1.893,2.247819999999999,-0.354819999999999
1.029,1.0458599999999998,-0.016859999999999875
1.663,1.6201499999999986,0.04285000000000139
1.575,1.5605600000000004,0.014439999999999564
1.648,1.76715,-0.11915000000000009
1.589,2.2938603000000013,-0.7048603000000013
1.247,1.2841000000000002,-0.03710000000000013
0.715,0.9565899999999998,-0.24158999999999986
1.847,2.4120799999999987,-0.5650799999999987
3.186,2.889180299999999,0.2968197000000008
2.11,1.9165599999999996,0.19344000000000028
1.8,1.8613899999999992,-0.06138999999999917
2.706,3.3700109999999994,-0.6640109999999995
3.339,3.8180312999999986,-0.4790312999999986
0.78,0.75343,0.026569999999999983
1.195,1.2850499999999996,-0.09004999999999952
0.75,0.9032100000000003,-0.1532100000000003
3.459,3.9655216999999983,-0.5065216999999982
4.037,2.9245304000000014,1.1124695999999985
0.892,0.92071,-0.028710000000000013
0.904,1.1235100999999998,-0.21951009999999982
2.705,2.7583599999999984,-0.0533599999999983
2.634,2.8584101000000004,-0.2244101000000005
5.00001,4.680645599999995,0.3193644000000049
0.831,1.2005899999999996,-0.36958999999999964
2.571,2.416599999999999,0.1544000000000012
1.533,1.5759900000000004,-0.04299000000000053
3.997,4.765836499999994,-0.7688364999999937
4.429,3.746430699999998,0.6825693000000022
5.00001,4.370403100000001,0.6296068999999989
1.625,1.5258499999999997,0.0991500000000003
0.933,1.45727,-0.52427
1.684,1.9913200000000006,-0.3073200000000007
1.611,1.74368,-0.1326799999999999
0.846,1.8479099999999997,-1.0019099999999996
1.625,2.9004709,-1.2754709000000002
2.464,2.0883,0.37570000000000014
1.636,1.7120300000000013,-0.07603000000000137
2.616,2.9251205999999996,-0.3091205999999995
1.415,1.50036,-0.08535999999999988
3.494,3.124280000000001,0.36971999999999916
2.004,2.0081700999999996,-0.004170099999999621
1.313,1.7080599999999995,-0.3950599999999995
1.814,1.82845,-0.014449999999999852
3.026,2.8194599999999985,0.20654000000000128
2.815,2.470859999999999,0.3441400000000008
1.639,1.66278,-0.023779999999999912
1.033,1.1907700000000003,-0.1577700000000004
1.813,2.4451,-0.6321000000000001
2.625,2.7316200000000004,-0.10662000000000038
1.55,1.598939999999999,-0.04893999999999887
2.374,3.8353314999999975,-1.4613314999999973
1.505,1.6184500000000002,-0.11345000000000027
1.117,1.0402000000000002,0.07679999999999976
1.344,1.7790800000000004,-0.43508000000000036
3.109,3.2740304000000005,-0.16503040000000047
2.195,2.202590000000001,-0.007590000000001318
1.833,1.4372099999999997,0.3957900000000003
2.799,2.7011202,0.09787979999999985
1.137,1.3452100000000002,-0.20821000000000023
1.32,0.9607299999999996,0.3592700000000004
1.466,1.4838100000000016,-0.017810000000001658
2.027,2.13422,-0.10721999999999987
1.594,1.216999999999999,0.3770000000000011
5.00001,5.000009999999989,1.0658141036401503e-14
1.866,2.1808000000000014,-0.3148000000000013
1.538,1.6901101000000003,-0.15211010000000025
2.715,2.804280199999999,-0.08928019999999925
1.738,1.7882799999999994,-0.050279999999999436
2.0,2.0257300000000003,-0.025730000000000253
1.114,1.3543400000000003,-0.24034000000000022
2.726,2.15387,0.57213
0.546,0.5408600000000002,0.005139999999999811
1.225,1.4369602000000006,-0.2119602000000005
2.083,2.05251,0.03049000000000035
3.783,3.567040199999999,0.2159598000000007
5.00001,4.395613499999997,0.6043965000000027
3.653,4.289552199999999,-0.6365521999999992
5.00001,4.676386899999993,0.32362310000000694
1.116,1.4815499999999995,-0.3655499999999994
2.22,2.0066100000000002,0.21338999999999997
4.329,3.9908714999999972,0.3381285000000025
3.112,2.169029999999999,0.9429700000000012
1.464,1.9419399999999996,-0.4779399999999996
1.565,1.7456499999999997,-0.18064999999999976
0.895,1.1252500000000003,-0.2302500000000003
5.00001,2.7423713000000003,2.2576386999999993
5.00001,4.97324969999999,0.026760300000010062
0.963,0.9853800000000001,-0.022380000000000178
3.0,2.1980102,0.8019897999999999
4.286,4.1988705,0.08712949999999964
0.579,0.7609800000000003,-0.18198000000000036
1.385,1.3057900000000007,0.07920999999999934
2.455,3.0939902,-0.6389901999999998
5.00001,4.749567199999992,0.2504428000000072
1.695,1.9633502000000005,-0.2683502000000004
0.675,2.34062,-1.6656199999999999
0.594,1.0497899999999998,-0.4557899999999998
2.481,1.7663800000000003,0.7146199999999996
1.292,1.46573,-0.17372999999999994
3.638,3.946181799999999,-0.30818179999999895
1.279,1.7722701,-0.49327010000000016
2.234,2.26993,-0.03593000000000002
5.00001,3.9694025000000006,1.030607499999999
4.411,4.280992699999998,0.1300073000000017
0.674,0.9500099999999995,-0.2760099999999994
0.786,0.7939099999999998,-0.00790999999999975
2.402,2.9172399999999987,-0.5152399999999986
2.345,2.3857999999999997,-0.0407999999999995
1.616,1.874790000000001,-0.25879000000000096
1.918,1.8426299999999989,0.07537000000000105
1.913,2.5316499999999977,-0.6186499999999977
2.538,2.2641899999999993,0.27381000000000055
2.016,2.2602900000000004,-0.24429000000000034
1.749,1.7574699999999999,-0.008469999999999756
1.1,2.9291300000000007,-1.8291300000000006
0.448,0.5239500000000001,-0.07595000000000013
1.062,1.0185300000000002,0.0434699999999999
1.673,1.599809999999999,0.07319000000000098
2.241,2.328710000000001,-0.08771000000000084
0.98,0.9388000000000001,0.0411999999999999
0.981,1.0858399999999997,-0.10483999999999971
0.955,0.6058400000000003,0.3491599999999997
1.441,1.5294699999999997,-0.0884699999999996
1.375,0.9935499999999997,0.3814500000000003
0.65,0.6953300000000001,-0.04533000000000009
0.758,0.79135,-0.03334999999999999
0.724,0.8373300000000005,-0.11333000000000049
1.428,1.3635099999999998,0.06449000000000016
4.445,3.2633700999999995,1.1816299000000008
1.297,1.3512199999999996,-0.05421999999999971
1.958,2.289710099999999,-0.3317100999999989
1.509,1.8965299999999992,-0.38752999999999926
1.721,2.089979999999999,-0.36897999999999875
2.638,2.5199000000000003,0.11809999999999965
0.712,1.00109,-0.28909000000000007
2.09,1.975110099999999,0.11488990000000077
5.00001,4.900698399999992,0.09931160000000805
2.657,3.3096105000000016,-0.6526105000000015
1.307,1.1944499999999993,0.1125500000000006
1.841,2.1196601999999998,-0.2786601999999998
2.75,2.9249506999999992,-0.17495069999999924
4.443,2.591830100000001,1.8511698999999986
5.00001,4.748066399999993,0.2519436000000068
1.362,2.9414007,-1.5794006999999999
2.518,2.815049999999999,-0.29704999999999915
0.883,1.2458899999999988,-0.3628899999999988
1.192,0.7244300000000001,0.4675699999999998
1.156,2.0561199999999995,-0.9001199999999996
1.224,1.8972201000000006,-0.6732201000000007
1.382,1.4110200000000004,-0.02902000000000049
2.974,2.163829999999999,0.8101700000000012
0.792,0.7961299999999996,-0.004129999999999523
2.137,1.9859700000000007,0.15102999999999933
1.922,2.069909999999998,-0.147909999999998
0.936,1.3000599999999993,-0.3640599999999993
0.792,0.9548499999999995,-0.1628499999999995
2.114,2.2255699999999994,-0.1115699999999995
2.446,2.529239999999999,-0.08323999999999865
0.687,0.8889199999999999,-0.20191999999999988
3.242,2.922390000000002,0.3196099999999982
0.578,0.68176,-0.10376000000000007
1.037,1.3298400000000001,-0.2928400000000002
1.001,1.1034600000000006,-0.10246000000000066
2.063,2.5499001000000003,-0.48690010000000017
0.589,0.6478099999999998,-0.05880999999999981
5.00001,4.997449799999989,0.0025602000000102265
0.582,0.6397799999999998,-0.05777999999999983
5.00001,3.7786225999999967,1.221387400000003
0.906,1.1186500000000008,-0.21265000000000078
0.519,0.6035299999999999,-0.08452999999999988
1.448,1.4246100000000004,0.023389999999999578
5.00001,4.8710078999999915,0.1290021000000081
3.543,4.352453599999996,-0.8094535999999959
4.5,2.677891799999999,1.822108200000001
0.831,1.1085800000000001,-0.27758000000000016
4.772,4.672444599999998,0.09955540000000251
2.73,2.5650401000000005,0.1649598999999995
2.291,2.0299199999999997,0.2610800000000002
0.659,0.8973299999999998,-0.23832999999999982
0.498,0.5167699999999998,-0.018769999999999842
3.093,3.1835200999999995,-0.09052009999999955
1.023,1.1770400000000003,-0.1540400000000004
2.545,2.1808199999999998,0.36418000000000017
2.393,2.1634299999999995,0.22957000000000027
2.475,2.08876,0.3862399999999999
1.591,1.5891799999999996,0.0018200000000003769
1.919,1.9513301,-0.03233010000000003
2.379,2.1909799999999997,0.1880200000000003
3.749,3.6103201999999985,0.13867980000000157
0.852,1.49915,-0.64715
0.761,0.8493200000000002,-0.08832000000000018
1.708,1.72376,-0.015759999999999996
1.625,1.4130599999999995,0.21194000000000046
5.00001,3.6747012,1.3253087999999997
2.783,2.008940099999998,0.7740599000000019
1.566,1.4262199999999994,0.13978000000000068
1.93,2.702569999999999,-0.7725699999999989
2.925,2.807740000000001,0.11725999999999903
1.477,1.1988300000000003,0.2781699999999998
2.116,1.8018399999999999,0.3141600000000002
0.762,0.8524600000000001,-0.0904600000000001
3.5,3.7023333,-0.20233329999999983
3.003,2.78372,0.21927999999999992
1.953,1.827749999999999,0.12525000000000097
1.173,1.45,-0.2769999999999999
1.806,1.8734200000000016,-0.06742000000000159
4.646,4.249972199999999,0.3960278000000006
1.075,1.0801800000000001,-0.0051800000000001845
2.198,2.4824599999999997,-0.2844599999999997
0.821,0.79731,0.02368999999999999
5.00001,4.341674199999996,0.6583358000000032
1.08,1.08538,-0.00537999999999994
2.641,2.4078000999999998,0.23319990000000024
3.531,3.3319306999999982,0.1990693000000019
0.741,1.1029900000000001,-0.36199000000000014
2.915,2.90268,0.012319999999999887
1.2,1.1275599999999992,0.07244000000000073
0.918,0.9344099999999996,-0.01640999999999959
1.472,1.5831799999999998,-0.11117999999999983
1.086,0.9184899999999995,0.1675100000000006
2.419,2.239529999999998,0.17947000000000202
1.708,1.9178699999999993,-0.20986999999999933
1.342,1.5952499999999994,-0.2532499999999993
0.647,0.6495098999999998,-0.002509899999999732
1.654,1.6724300000000007,-0.018430000000000835
0.914,1.1051499999999996,-0.1911499999999996
1.469,2.060709999999999,-0.5917099999999988
0.541,0.6978200000000002,-0.15682000000000018
1.404,1.9793799999999997,-0.5753799999999998
3.122,2.5976506,0.5243493999999997
2.915,3.236620199999999,-0.321620199999999
0.898,1.0700499999999997,-0.1720499999999997
2.008,2.199279999999999,-0.191279999999999
0.989,1.0640500000000002,-0.07505000000000017
1.733,1.7318499999999994,0.0011500000000006505
1.625,2.34633,-0.72133
2.005,1.7429199999999991,0.26208000000000076
1.115,1.3436499999999998,-0.2286499999999998
0.844,1.0554600000000003,-0.21146000000000031
2.457,2.212439999999999,0.24456000000000078
0.817,1.19204,-0.37504000000000004
1.656,2.1001599999999994,-0.44415999999999944
0.838,1.0830500000000003,-0.24505000000000032
2.729,2.2831802000000003,0.44581979999999977
1.663,1.7794299999999996,-0.11642999999999959
1.739,1.9079199999999992,-0.16891999999999907
1.397,1.671349999999999,-0.274349999999999
0.813,0.8293499999999999,-0.016349999999999976
2.222,2.415869999999999,-0.1938699999999991
2.492,1.6207200000000006,0.8712799999999994
0.936,0.9623700000000003,-0.026370000000000227
2.579,3.2899700000000003,-0.7109700000000001
0.25,1.0093500000000006,-0.7593500000000006
2.939,1.9734501,0.9655499000000001
0.633,0.7938099999999997,-0.16080999999999968
2.531,3.110259999999998,-0.5792599999999979
0.743,0.7034499999999995,0.03955000000000053
1.192,1.4351000000000014,-0.24310000000000143
1.984,2.103659999999999,-0.11965999999999921
1.513,1.4632500000000002,0.04974999999999974
1.611,1.95467,-0.3436699999999999
3.941,2.610859999999998,1.3301400000000019
2.006,2.3818300000000003,-0.37583000000000055
2.07,2.2580899999999997,-0.18808999999999987
0.586,0.7391798999999999,-0.15317989999999992
1.255,1.5213300000000007,-0.26633000000000084
3.761,3.135650600000001,0.6253493999999993
1.873,2.198520000000001,-0.32552000000000114
0.757,1.813269999999999,-1.0562699999999992
1.244,1.1441799999999993,0.09982000000000069
0.813,0.7659100000000002,0.04708999999999974
1.832,1.7994299999999996,0.03257000000000043
1.693,1.9116799999999996,-0.21867999999999954
1.119,1.31035,-0.1913499999999999
2.8,2.5902901999999997,0.20970980000000017
0.526,0.5430300000000002,-0.01703000000000021
1.539,1.63555,-0.09655000000000014
2.457,2.1648700000000005,0.29212999999999933
1.677,1.7292200000000002,-0.052220000000000155
1.858,1.8606600000000015,-0.002660000000001439
5.00001,2.1895599999999993,2.8104500000000003
1.538,1.9999399999999996,-0.4619399999999996
1.891,1.6608400000000003,0.2301599999999997
4.333,3.2092404,1.1237596
0.891,1.13269,-0.24168999999999996
1.085,1.0644399999999998,0.020560000000000134
2.436,2.1443699999999994,0.2916300000000005
2.5,1.8089099999999996,0.6910900000000004
4.333,3.7427508999999985,0.5902491000000016
1.832,1.8428700000000005,-0.01087000000000038
2.045,2.0582000000000007,-0.013200000000000767
1.795,2.0723299999999987,-0.27732999999999874
5.00001,4.893148199999991,0.10686180000000878
1.21,1.1369799999999999,0.07302000000000008
1.772,2.0975300999999997,-0.3255300999999997
5.00001,5.000009999999989,1.0658141036401503e-14
1.055,1.11385,-0.05885000000000007
2.875,2.8434404,0.03155960000000002
2.13,2.1237700000000004,0.006229999999999514
1.171,2.1509901,-0.9799901
1.625,1.4441700999999998,0.1808299000000002
5.00001,4.778466499999996,0.22154350000000367
0.996,1.3189103,-0.3229103
3.75,2.6807115000000015,1.0692884999999985
1.072,1.1810801,-0.1090800999999999
0.72,1.31971,-0.59971
2.164,2.923110099999999,-0.7591100999999987
1.487,1.37391,0.11309000000000013
2.373,2.1477000000000004,0.22529999999999983
3.505,3.1045900000000004,0.4004099999999995
1.74,1.8308700000000004,-0.09087000000000045
0.966,1.4760000000000009,-0.5100000000000009
1.75,1.534020099999999,0.2159799000000009
5.00001,3.0131705999999996,1.9868394
3.365,3.286050000000001,0.07894999999999941
3.038,3.1207500999999995,-0.08275009999999972
1.006,0.8869800000000001,0.1190199999999999
3.337,3.3793800000000003,-0.042380000000000084
2.336,2.4535000000000005,-0.1175000000000006
3.874,3.3855001999999983,0.4884998000000018
2.883,2.9624201,-0.0794201000000001
0.647,0.5623900000000002,0.08460999999999985
2.05,1.8665700000000007,0.1834299999999991
1.415,1.554389999999999,-0.13938999999999901
1.262,1.8210599999999995,-0.5590599999999994
2.152,2.22089,-0.06888999999999967
0.875,1.13628,-0.26127999999999996
3.513,4.1965712,-0.6835712000000003
0.508,0.5813499999999999,-0.07334999999999992
2.146,2.15945,-0.013450000000000184
1.823,2.32062,-0.49761999999999995
0.916,0.97025,-0.05424999999999991
2.279,2.0139400000000007,0.2650599999999992
1.63,1.4101400000000002,0.21985999999999972
2.23,1.9531900000000002,0.2768099999999998
2.156,1.6606599999999994,0.4953400000000008
2.212,2.4855099999999997,-0.2735099999999995
2.0,1.9885100999999994,0.011489900000000608
1.522,1.6029599999999993,-0.08095999999999925
3.365,3.9693512999999996,-0.6043512999999994
2.121,2.2528299999999994,-0.13182999999999945
2.028,2.32343,-0.2954300000000001
1.08,1.2278999999999995,-0.14789999999999948
1.104,1.0848899999999997,0.019110000000000404
2.186,2.9746500999999994,-0.7886500999999995
2.865,3.0693603999999994,-0.20436039999999922
4.43,3.2893105999999994,1.1406894000000003
4.0,4.617764099999995,-0.6177640999999952
2.487,2.4382199999999994,0.04878000000000071
1.793,2.0508999999999995,-0.2578999999999996
1.854,1.9630600000000005,-0.10906000000000038
0.627,0.6753600000000002,-0.04836000000000018
1.625,1.12147,0.50353
3.935,4.0527615999999975,-0.11776159999999747
1.408,1.4707,-0.06269999999999998
4.176,2.571780500000001,1.6042194999999992
0.675,1.37174,-0.6967399999999999
2.572,3.0851006000000014,-0.5131006000000014
0.731,1.000460000000001,-0.26946000000000103
2.073,2.1074299999999995,-0.03442999999999952
3.197,2.477059999999999,0.7199400000000011
2.614,3.1943501999999984,-0.5803501999999985
1.011,1.18957,-0.17857000000000012
1.635,1.1098200000000005,0.5251799999999995
5.00001,4.711155499999995,0.2888545000000047
1.964,2.1455599999999992,-0.18155999999999928
0.5,0.8443698999999998,-0.3443698999999998
0.593,0.6970000000000001,-0.10400000000000009
1.597,1.6632000000000005,-0.06620000000000048
2.75,1.4522006000000003,1.2977993999999997
1.426,1.47101,-0.045009999999999994
2.273,2.8816702999999997,-0.6086702999999996
1.778,2.04152,-0.26351999999999975
2.166,2.0475399999999984,0.11846000000000156
2.356,2.1423300000000003,0.21366999999999958
1.306,1.609420000000001,-0.3034200000000009
2.483,2.08765,0.3953500000000001
2.669,2.6613599999999993,0.007640000000000757
2.509,2.1797000000000013,0.3292999999999986
2.041,2.3059699999999985,-0.2649699999999986
0.717,0.69853,0.018469999999999986
0.498,0.5155599999999997,-0.017559999999999687
3.297,3.400170000000003,-0.10317000000000265
2.954,1.7569401,1.1970599000000002
4.746,3.6250317000000014,1.120968299999999
1.659,1.70214,-0.043139999999999956
4.357,3.4379402000000012,0.919059799999999
0.679,0.6314199999999998,0.04758000000000029
0.865,0.81285,0.05215000000000003
2.0,2.2117501000000006,-0.2117501000000006
3.714,3.3435805999999975,0.3704194000000025
1.471,1.9644405000000007,-0.4934405000000006
2.695,2.7272003999999996,-0.032200399999999796
2.537,2.75385,-0.21685
0.516,0.6362599999999998,-0.12025999999999981
1.044,1.2341099999999998,-0.19010999999999978
0.675,1.6194400000000004,-0.9444400000000004
3.039,3.333330499999999,-0.2943304999999987
2.833,3.4939303,-0.6609303
3.333,2.7326803000000006,0.6003196999999996
1.854,2.0747000000000004,-0.22070000000000034
2.588,2.7678601999999994,-0.17986019999999936
1.779,1.3361899999999998,0.44281000000000015
1.66,1.7922000000000005,-0.13220000000000054
1.81,2.3152899999999996,-0.5052899999999996
0.953,1.1742199999999998,-0.22121999999999986
0.895,0.9173899999999994,-0.022389999999999355
3.452,3.514840799999998,-0.06284079999999825
4.113,3.7342108999999994,0.378789100000001
0.925,1.1697100000000002,-0.2447100000000002
2.1,2.17785,-0.07784999999999975
3.571,3.5117401999999993,0.05925980000000086
0.595,0.5703497999999999,0.024650200000000067
1.757,2.3620799999999984,-0.6050799999999985
2.173,2.31006,-0.13705999999999996
0.948,0.9891800000000002,-0.041180000000000216
0.578,0.8194799999999998,-0.2414799999999998
5.00001,4.898548899999991,0.10146110000000874
0.867,1.1690499999999997,-0.3020499999999997
0.906,0.8960099999999993,0.00999000000000072
2.333,2.1591101,0.17388990000000026
1.65,1.6488501,0.001149899999999926
2.362,2.1417599999999997,0.22024000000000044
1.876,1.9747999999999986,-0.09879999999999867
2.316,2.2934799999999997,0.022520000000000095
1.132,1.2092800000000006,-0.07728000000000068
0.75,0.9638399999999998,-0.2138399999999998
1.0,1.12235,-0.12234999999999996
2.905,3.2451113999999976,-0.34011139999999784
2.583,2.458650000000001,0.1243499999999993
2.281,2.2247300999999995,0.05626990000000065
1.963,1.80389,0.15911000000000008
1.938,3.1254102000000006,-1.1874102000000006
1.472,1.87904,-0.40704000000000007
0.715,0.7139600000000003,0.0010399999999997078
0.421,0.54956,-0.12856000000000006
3.191,2.8623900000000004,0.3286099999999994
2.879,2.7722599999999993,0.10674000000000072
4.531,4.142181100000002,0.38881889999999775
5.00001,4.709533199999996,0.290476800000004
0.475,0.7719499999999995,-0.2969499999999995
1.042,1.02435,0.017649999999999944
0.943,1.1009800000000005,-0.15798000000000056
2.031,2.01089,0.020110000000000294
2.609,2.0514,0.5575999999999999
1.676,1.7146700000000004,-0.038670000000000426
0.969,1.0551499999999998,-0.08614999999999984
2.825,3.076190300000001,-0.25119030000000064
0.989,0.9274799999999999,0.06152000000000013
1.544,1.3031600000000005,0.2408399999999995
1.083,1.2508000000000004,-0.1678000000000004
4.072,3.960791499999999,0.11120850000000093
2.146,1.7042299999999997,0.4417700000000002
2.187,1.8576599999999996,0.3293400000000002
1.349,1.7802200999999997,-0.4312200999999998
0.977,1.2692800000000006,-0.29228000000000065
0.963,0.8210599999999993,0.14194000000000062
1.525,2.1175102999999993,-0.5925102999999994
2.303,2.30761,-0.004610000000000003
2.621,2.24749,0.37351
1.875,2.6764199999999994,-0.8014199999999994
3.782,4.797476199999994,-1.015476199999994
0.954,1.0173999999999999,-0.0633999999999999
1.322,1.376949999999999,-0.054949999999998944
0.325,1.0089999999999997,-0.6839999999999997
0.817,1.0875400000000004,-0.27054000000000045
0.958,1.0306599999999997,-0.07265999999999972
3.325,2.20632,1.1186800000000003
0.992,0.9237499999999996,0.06825000000000037
1.513,1.8634600000000003,-0.35046000000000044
1.333,1.4477800999999997,-0.11478009999999972
0.818,1.0012999999999994,-0.18329999999999946
3.327,4.293423599999998,-0.9664235999999979
1.07,0.9987399999999996,0.07126000000000043
1.337,1.3286899999999995,0.008310000000000484
1.017,1.2211699999999996,-0.20416999999999974
3.295,2.7455603,0.5494396999999998
0.896,1.1515099999999996,-0.25550999999999957
1.229,1.65358,-0.42457999999999996
4.05,3.927850700000003,0.12214929999999669
1.205,1.0872100000000002,0.11778999999999984
1.25,1.04973,0.20026999999999995
1.272,1.3762200000000002,-0.1042200000000002
1.316,1.4973400000000003,-0.18134000000000028
1.781,1.7797799999999997,0.001220000000000221
1.237,1.5554899999999998,-0.3184899999999997
1.524,1.5772599999999999,-0.05325999999999986
0.905,0.9256699999999995,-0.020669999999999522
0.829,0.9732500000000002,-0.1442500000000002
1.833,1.39499,0.43801
1.667,2.2730699999999997,-0.6060699999999997
2.393,2.019010800000001,0.3739891999999987
2.983,2.6629800000000006,0.3200199999999995
1.663,1.555360000000001,0.10763999999999907
1.375,2.0166200000000005,-0.6416200000000005
4.483,3.1782605999999975,1.304739400000002
1.512,1.6182499999999995,-0.10624999999999951
3.404,2.86591,0.53809
1.693,4.388224499999995,-2.6952244999999952
2.563,2.442210099999999,0.120789900000001
0.738,0.7124599999999998,0.02554000000000023
1.375,1.5348,-0.15979999999999994
1.927,1.9373002000000006,-0.010300200000000537
2.061,1.60439,0.45660999999999996
4.25,3.599042799999998,0.6509572000000019
2.93,2.970050399999999,-0.04005039999999882
2.314,3.7086805000000003,-1.3946805000000002
1.707,1.7304099999999991,-0.023409999999999043
1.427,1.5254599999999998,-0.09845999999999977
1.76,1.8558,-0.09579999999999989
0.904,1.15524,-0.25124
4.219,3.9634228999999976,0.25557710000000267
0.934,0.9822600000000005,-0.048260000000000414
3.658,3.9223404000000004,-0.2643404000000005
1.583,2.01587,-0.4328700000000001
1.611,2.0017099999999997,-0.39070999999999967
3.7,3.993892899999997,-0.2938928999999968
0.679,0.7432699999999997,-0.0642699999999996
3.12,3.018090000000001,0.10190999999999928
2.42,2.4331007000000002,-0.013100700000000298
2.49,2.3608600999999996,0.12913990000000064
5.00001,4.493035399999996,0.5069746000000039
2.376,2.6039201000000003,-0.2279201000000004
5.00001,5.000009999999989,1.0658141036401503e-14
2.217,2.2339999999999995,-0.01699999999999946
2.748,3.2564602000000002,-0.5084602
2.832,2.7223700000000006,0.10962999999999923
2.454,2.7597203999999986,-0.30572039999999845
1.974,1.9704899999999994,0.0035100000000005682
1.781,2.4095199999999988,-0.6285199999999989
4.5,4.121912599999997,0.37808740000000274
1.839,2.03192,-0.19291999999999998
2.211,2.12191,0.08908999999999967
2.815,2.1929999999999996,0.6220000000000003
1.578,1.6174399999999998,-0.0394399999999997
3.619,3.0336399999999997,0.5853600000000005
0.983,0.89683,0.08616999999999997
1.348,1.25788,0.09011999999999998
1.884,2.2174699999999996,-0.3334699999999997
2.075,2.209800000000001,-0.1348000000000007
0.668,0.8736200000000006,-0.20562000000000058
0.659,0.6985500000000002,-0.039550000000000196
1.442,1.4809800000000002,-0.03898000000000024
2.692,3.469620699999999,-0.7776206999999986
1.659,1.8713499999999994,-0.21234999999999937
0.816,0.8889499999999999,-0.07294999999999996
2.5,2.575779999999999,-0.07577999999999907
1.509,1.6286499999999997,-0.11964999999999981
5.00001,3.933191,1.0668189999999997
2.313,2.41532,-0.10231999999999974
1.539,1.6385400000000003,-0.0995400000000004
5.00001,5.000009999999989,1.0658141036401503e-14
1.925,2.6553300999999987,-0.7303300999999986
1.804,1.5530000999999998,0.2509999000000003
1.889,1.9914899999999995,-0.10248999999999953
0.691,0.8435300000000001,-0.15253000000000017
2.632,2.60227,0.029730000000000256
0.925,0.97242,-0.04741999999999991
4.722,4.1702838999999985,0.5517161000000019
1.006,0.9765399999999993,0.029460000000000708
1.469,1.4974400000000005,-0.028440000000000465
3.31,3.0980402999999996,0.21195970000000042
2.193,2.5583802,-0.36538020000000015
4.669,3.660280100000002,1.0087198999999978
2.773,3.2007500999999987,-0.4277500999999986
2.75,3.1261102,-0.37611019999999984
3.441,2.6046000000000005,0.8363999999999994
4.721,4.87029709999999,-0.1492970999999903
2.51,2.33873,0.1712699999999998
4.833,3.987100200000001,0.8458997999999993
1.0,1.6844699999999995,-0.6844699999999995
0.722,0.8099000000000004,-0.08790000000000042
0.743,1.2075300000000002,-0.4645300000000002
2.113,2.1739599999999997,-0.06095999999999968
2.765,2.3775500000000007,0.3874499999999994
1.786,1.5399899999999993,0.24601000000000073
2.952,3.591742799999998,-0.6397427999999978
5.00001,4.585345699999993,0.4146643000000063
3.185,2.7602299999999986,0.4247700000000014
5.00001,4.856077599999993,0.14393240000000684
1.063,1.16605,-0.10305000000000009
3.353,2.910900399999999,0.44209960000000104
1.631,1.8501999999999992,-0.21919999999999917
1.708,1.68621,0.021789999999999976
2.083,1.7622999999999993,0.3207000000000009
2.139,2.385830099999999,-0.24683009999999905
1.599,1.9758700999999996,-0.37687009999999965
1.726,1.7699499999999992,-0.04394999999999927
2.042,1.7505600000000008,0.29143999999999903
2.414,1.8144700000000007,0.5995299999999995
1.865,2.6251117999999996,-0.7601117999999996
2.852,2.6244299999999994,0.2275700000000005
1.661,1.5382299999999993,0.12277000000000071
1.885,1.6929399999999994,0.19206000000000056
4.184,3.7090210999999975,0.47497890000000265
2.042,2.2351800000000015,-0.19318000000000168
2.494,2.773840099999999,-0.2798400999999986
0.994,1.16536,-0.17135999999999996
4.932,2.1333699999999998,2.7986300000000006
1.438,1.7554299999999987,-0.31742999999999877
1.229,1.3832100000000003,-0.15421000000000018
1.807,1.8192600000000005,-0.012260000000000604
2.082,2.182170000000001,-0.1001700000000012
0.526,0.5757899999999998,-0.04978999999999978
2.417,3.5321534999999984,-1.1151534999999986
1.625,0.9163499,0.7086501
5.00001,3.4722228,1.5277871999999997
1.394,1.4433001999999997,-0.049300199999999794
1.825,2.1118299999999994,-0.2868299999999995
1.089,1.20298,-0.11397999999999997
1.19,1.4912600000000003,-0.3012600000000003
2.182,2.239799999999999,-0.05779999999999896
0.859,0.99642,-0.13742
1.207,1.2482,-0.0411999999999999
1.848,1.9411899999999995,-0.09318999999999944
0.266,0.7760900000000001,-0.51009
1.344,1.3519500000000004,-0.007950000000000346
2.781,1.8889299999999998,0.8920700000000004
1.565,1.29606,0.26893999999999996
1.725,1.813140000000001,-0.088140000000001
3.534,2.86395,0.6700499999999998
1.036,1.0970699999999995,-0.061069999999999514
1.5,1.0792899999999996,0.42071000000000036
1.55,2.2649901,-0.7149900999999999
1.922,3.0338503,-1.1118503000000002
0.731,0.7283100000000001,0.002689999999999859
1.213,1.34838,-0.13537999999999983
1.185,1.1605499999999993,0.02445000000000075
1.702,1.1095500000000007,0.5924499999999993
2.631,3.157070199999999,-0.526070199999999
2.739,3.5283523999999993,-0.7893523999999994
1.556,1.4112200000000001,0.1447799999999999
4.098,3.0471402000000007,1.0508597999999991
1.563,1.0578200000000004,0.5051799999999995
1.465,2.0671699999999995,-0.6021699999999994
1.56,1.5839,-0.023900000000000032
2.287,2.4243799999999998,-0.13737999999999984
2.352,2.680580299999999,-0.32858029999999916
0.833,0.7885299999999995,0.044470000000000454
0.883,1.2388100000000002,-0.3558100000000002
1.375,2.1879102999999995,-0.8129102999999995
0.705,0.7318999999999999,-0.026899999999999924
1.339,1.729779999999999,-0.390779999999999
1.197,0.96967,0.22733000000000003
1.655,2.0613299999999994,-0.4063299999999994
2.094,1.8806900000000006,0.21330999999999922
1.571,1.85147,-0.28047
1.083,1.5226405999999997,-0.4396405999999997
1.125,1.8386799999999996,-0.7136799999999996
0.698,1.08149,-0.3834900000000001
1.036,1.2526100000000002,-0.2166100000000002
2.75,2.0627200000000006,0.6872799999999994
1.948,1.9691399999999997,-0.021139999999999715
0.77,0.9570099999999999,-0.1870099999999999
2.889,2.7121601999999996,0.1768398000000002
1.741,1.9953400000000014,-0.25434000000000134
2.399,2.5828400000000005,-0.18384000000000045
4.5,2.4765904000000005,2.0234095999999995
2.672,2.6238700999999995,0.048129900000000614
2.213,2.1181,0.09489999999999998
1.808,2.05834,-0.2503399999999998
1.557,1.6804199999999998,-0.12341999999999986
2.387,2.583659999999999,-0.19665999999999917
1.625,1.52695,0.09804999999999997
1.301,1.4921700000000009,-0.19117000000000095
1.479,1.3570399999999996,0.12196000000000051
1.433,0.8574600000000002,0.5755399999999998
1.265,1.4573999999999998,-0.1923999999999999
1.25,1.5737100999999996,-0.32371009999999956
2.329,2.1472100000000007,0.18178999999999945
0.542,0.8970499999999997,-0.35504999999999964
0.928,1.0967100000000003,-0.16871000000000025
1.397,1.85629,-0.45929
2.302,2.30052,0.0014799999999999258
3.422,3.2315601000000016,0.19043989999999855
1.658,1.836749999999999,-0.17874999999999908
1.703,1.8550300000000004,-0.15203000000000033
1.896,2.633149999999999,-0.7371499999999993
1.33,1.578379999999999,-0.24837999999999893
2.421,1.8306399999999994,0.5903600000000004
1.606,1.7102899999999996,-0.10428999999999955
0.478,0.54436,-0.06635999999999997
1.2,1.3770800000000003,-0.17708000000000035
1.469,1.7712499999999998,-0.3022499999999997
0.559,0.9929999999999999,-0.43399999999999983
1.655,1.8806999999999992,-0.22569999999999912
1.67,3.6775113,-2.0075113
1.456,1.7869399999999993,-0.33093999999999935
1.577,1.89902,-0.32202
1.75,1.6530000000000005,0.09699999999999953
1.573,1.4893499999999997,0.08365000000000022
2.185,2.23766,-0.05265999999999993
2.791,2.10701,0.6839900000000001
1.011,0.7390800000000002,0.2719199999999997
0.727,0.9414500000000001,-0.21445000000000014
1.444,1.2865500000000003,0.15744999999999965
1.578,1.6901499999999996,-0.11214999999999953
0.663,0.7106100000000001,-0.04761000000000004
5.00001,4.071322699999999,0.9286873000000009
2.227,2.2671202000000004,-0.040120200000000494
3.36,2.2261800000000007,1.1338199999999992
1.66,1.8782999999999999,-0.21829999999999994
1.677,1.6549400000000003,0.022059999999999746
3.574,3.3028609999999996,0.27113900000000024
1.375,1.19906,0.17593999999999999
0.769,0.8650399999999999,-0.0960399999999999
5.00001,4.200073799999996,0.7999362000000039
1.62,1.6619999999999997,-0.04199999999999959
2.436,2.825030000000001,-0.3890300000000009
0.753,0.6925899999999998,0.060410000000000186
1.982,1.7841100000000003,0.19788999999999968
1.592,1.74575,-0.15374999999999983
1.129,1.0788701000000003,0.05012989999999973
1.345,1.5787599999999988,-0.23375999999999886
3.882,3.921032999999997,-0.039032999999996765
2.52,2.2279901000000013,0.2920098999999987
5.00001,4.525594699999998,0.4744153000000013
2.396,3.0813000000000024,-0.6853000000000025
1.706,1.4394299999999993,0.26657000000000064
0.494,0.5782800000000001,-0.08428000000000013
0.948,1.2139499999999999,-0.2659499999999999
4.667,4.775326399999995,-0.10832639999999483
1.518,1.11624,0.4017600000000001
1.778,1.1728799999999995,0.6051200000000005
1.184,1.08043,0.10356999999999994
5.00001,4.808696899999992,0.19131310000000745
0.833,1.0852601,-0.2522601
1.465,1.96883,-0.50383
0.375,1.7253,-1.3503
2.315,2.27607,0.03893000000000013
1.197,1.0581299999999993,0.13887000000000072
0.67,0.8198799999999999,-0.1498799999999999
0.912,1.0298700000000003,-0.11787000000000025
1.458,1.676710099999999,-0.21871009999999913
0.713,0.7974699999999997,-0.08446999999999971
0.961,0.9611300000000004,-0.00013000000000040757
4.188,3.0693414999999993,1.1186585000000004
3.011,3.304570800000001,-0.2935708000000008
0.625,0.6216599999999998,0.0033400000000002317
5.00001,3.2589008999999987,1.741109100000001
1.759,1.8848000000000007,-0.1258000000000008
2.138,1.8909700000000003,0.24702999999999964
5.00001,4.90956929999999,0.09044070000001003
2.275,2.5595300999999995,-0.28453009999999956
1.773,2.0232799999999993,-0.2502799999999994
1.702,2.1218511,-0.41985110000000025
2.611,2.4772206,0.13377940000000033
0.878,1.0001199999999995,-0.12211999999999945
2.169,2.5573601000000004,-0.3883601000000003
0.983,1.2459099999999999,-0.26290999999999987
1.02,1.0559300000000003,-0.03593000000000024
2.353,2.072339999999999,0.280660000000001
2.776,2.7448300000000008,0.031169999999999032
1.125,1.0653799999999998,0.05962000000000023
1.884,2.108500099999999,-0.22450009999999931
4.959,4.055872100000001,0.9031278999999985
3.337,3.699780600000002,-0.362780600000002
0.598,0.7596600000000007,-0.1616600000000007
4.7,3.9204705,0.7795295000000002
0.737,0.71419,0.022809999999999997
1.431,1.5808899999999995,-0.1498899999999994
0.729,0.94145,-0.21245000000000003
0.96,1.0943600000000007,-0.1343600000000007
1.237,1.4347700000000005,-0.19777000000000045
2.667,2.55201,0.1149899999999997
1.07,1.5339700000000003,-0.4639700000000002
1.691,1.4174099999999994,0.27359000000000067
0.783,1.1836000000000002,-0.4006000000000002
2.454,2.2434299999999996,0.2105700000000006
1.606,1.7021999999999997,-0.09619999999999962
2.175,2.608910000000001,-0.43391000000000135
1.063,1.35278,-0.28978000000000015
0.946,1.2551900000000002,-0.3091900000000003
2.545,2.544750000000001,0.00024999999999897327
1.593,1.3126499999999997,0.2803500000000003
0.508,0.6970599999999998,-0.18905999999999978
1.417,1.4329199999999995,-0.01591999999999949
2.033,1.59409,0.4389099999999999
0.875,0.8515299999999998,0.023470000000000213
1.31,1.5749500000000005,-0.26495000000000046
1.683,2.15527,-0.47226999999999975
2.074,3.2637607,-1.1897607000000003
1.396,1.6489299999999998,-0.2529299999999999
2.5,3.336821299999999,-0.8368212999999991
0.847,0.8923600000000002,-0.04536000000000018
1.459,1.5295599999999998,-0.07055999999999973
3.656,3.4075805999999993,0.24841940000000085
1.276,1.1424100000000004,0.13358999999999965
0.881,1.01755,-0.13654999999999995
1.691,2.1743400999999984,-0.4833400999999984
1.005,0.9080300000000001,0.09696999999999978
3.097,2.792899999999999,0.3041000000000009
1.911,2.336320099999999,-0.4253200999999991
0.705,0.8235200000000004,-0.1185200000000004
4.896,1.4686199999999996,3.4273800000000003
3.275,2.9240400000000015,0.3509599999999984
1.475,1.5912700000000002,-0.1162700000000001
2.472,2.8240106000000003,-0.3520106000000003
1.993,1.6797499999999994,0.3132500000000007
1.232,1.333589999999999,-0.10158999999999896
0.977,0.7385200000000002,0.2384799999999998
2.241,3.7792423999999976,-1.5382423999999975
1.794,1.7211300000000005,0.07286999999999955
0.772,0.8061700000000003,-0.034170000000000256
2.72,3.1132800999999994,-0.39328009999999924
1.75,2.8701816000000004,-1.1201816000000004
2.915,2.2960100000000008,0.6189899999999993
0.732,0.9638499999999998,-0.23184999999999978
2.201,1.8969999999999994,0.3040000000000007
1.398,1.4167700000000003,-0.018770000000000397
2.271,1.98773,0.2832699999999999
0.996,1.1529099999999997,-0.15690999999999966
0.868,0.65644,0.21155999999999997
1.969,2.007910000000001,-0.03891000000000111
1.016,1.20155,-0.18554999999999988
5.00001,3.8395522999999976,1.160457700000002
0.705,0.77624,-0.07124000000000008
0.636,0.8002199999999996,-0.1642199999999996
0.665,0.7431400000000004,-0.07814000000000032
1.0,1.0527399999999998,-0.05273999999999979
2.914,3.402380100000002,-0.48838010000000187
1.783,1.9324902,-0.14949020000000002
1.75,1.56773,0.18226999999999993
2.024,1.58413,0.43987
0.889,0.9234300000000001,-0.03443000000000007
1.078,1.1323899999999993,-0.05438999999999927
2.092,2.307680200000001,-0.21568020000000088
1.563,0.8220799999999998,0.7409200000000001
0.784,0.9887100000000004,-0.2047100000000004
1.644,1.4593200000000004,0.1846799999999995
1.614,1.69836,-0.08435999999999999
1.345,1.4972899999999996,-0.1522899999999996
0.555,0.87046,-0.31545999999999996
2.379,2.5724999999999985,-0.19349999999999845
0.985,1.2631000000000006,-0.27810000000000057
1.366,1.5061600000000004,-0.14016000000000028
1.392,1.47701,-0.08501000000000003
3.75,2.4616809,1.2883190999999998
1.538,1.5845099999999996,-0.04650999999999961
2.357,2.283679999999999,0.07332000000000116
0.875,1.1859701,-0.3109701
5.00001,4.661365799999995,0.3386442000000045
4.923,4.256942699999999,0.6660573000000012
2.293,2.185019999999999,0.1079800000000013
1.433,1.7208999999999994,-0.2878999999999994
1.292,1.68592,-0.39392000000000005
2.408,1.20884,1.19916
0.997,0.9499599999999995,0.047040000000000526
1.726,2.176590300000001,-0.4505903000000009
2.168,2.393069999999999,-0.22506999999999877
5.0,3.4511899999999986,1.5488100000000014
1.176,1.3106999999999993,-0.13469999999999938
2.294,2.5027599999999994,-0.2087599999999994
1.436,1.4795999999999998,-0.04359999999999986
1.397,1.3525600000000007,0.04443999999999937
2.681,2.259810000000001,0.42118999999999884
1.554,1.2532100000000002,0.3007899999999999
1.955,1.839620000000001,0.11537999999999915
0.928,0.9658000000000001,-0.037800000000000056
1.368,1.6697000999999994,-0.30170009999999925
2.29,2.12881,0.16118999999999994
2.544,2.306179999999999,0.23782000000000103
3.25,1.34161,1.90839
0.602,0.86697,-0.26497000000000004
2.538,3.2460211999999995,-0.7080211999999997
1.927,2.1784502999999997,-0.2514502999999997
3.212,3.2121303000000023,-0.00013030000000213704
0.888,0.8990699,-0.011069899999999966
2.5,2.1537900000000003,0.3462099999999997
5.00001,3.524871899999999,1.4751381000000006
0.738,1.0652700000000004,-0.3272700000000004
1.783,2.3524499999999993,-0.5694499999999993
0.602,0.7417800000000006,-0.13978000000000057
1.75,1.5040499999999992,0.24595000000000078
0.603,0.6149700000000005,-0.01197000000000048
1.375,1.1655699999999998,0.20943000000000023
1.389,1.36651,0.02249000000000012
5.00001,4.99515969999999,0.004850300000009966
2.439,2.593720399999999,-0.1547203999999991
3.301,3.2188801999999996,0.08211980000000052
0.928,1.0242199999999995,-0.09621999999999942
0.996,1.13773,-0.1417299999999999
1.319,1.3465400000000005,-0.027540000000000564
5.00001,4.862947099999994,0.13706290000000543
3.667,3.9876812999999998,-0.32068129999999995
0.55,0.76795,-0.21794999999999998
0.92,1.0082,-0.08819999999999995
1.638,1.4996800000000008,0.1383199999999991
2.368,2.4793303000000004,-0.11133030000000055
1.701,1.7990000000000002,-0.09800000000000009
3.143,2.8450906000000002,0.29790939999999955
1.015,1.2752100000000008,-0.26021000000000094
0.969,1.0355899999999996,-0.0665899999999996
1.429,1.6361201000000014,-0.20712010000000136
2.314,2.7362200000000003,-0.42222000000000026
0.366,0.7163600000000001,-0.3503600000000001
1.792,2.0362400000000007,-0.24424000000000068
1.531,1.5911900000000012,-0.0601900000000013
5.00001,2.8494306,2.1505794
2.017,2.4984501000000012,-0.4814501000000013
1.479,1.4434699999999998,0.035530000000000284
0.906,1.0579200000000002,-0.15192000000000017
1.188,1.5441,-0.3561000000000001
1.04,0.9745899999999997,0.0654100000000003
1.878,1.8729199999999993,0.0050800000000006396
5.00001,4.800356999999994,0.19965300000000585
1.504,1.4671599999999996,0.03684000000000043
1.795,2.0190399999999986,-0.22403999999999868
1.763,1.66854,0.09445999999999999
1.906,2.1563200000000005,-0.25032000000000054
3.55,3.1661206000000006,0.3838793999999992
4.102,3.6054099999999996,0.49659000000000075
3.038,3.517581499999999,-0.4795814999999992
4.327,3.800771900000002,0.5262280999999978
2.175,2.0663400000000003,0.10865999999999953
3.14,3.0262199999999977,0.11378000000000243
3.313,3.215361,0.09763900000000003
1.269,1.7172600000000002,-0.4482600000000003
1.734,1.1123000000000003,0.6216999999999997
1.86,1.9566699999999988,-0.0966699999999987
1.509,3.0685806999999983,-1.5595806999999984
1.396,1.28518,0.11081999999999992
2.754,2.3482099999999995,0.40579000000000054
4.244,4.030871599999998,0.21312840000000222
1.863,1.8689699999999996,-0.005969999999999587
4.078,3.8304611999999985,0.24753880000000184
1.798,1.743529999999999,0.05447000000000113
2.032,2.3938499999999987,-0.3618499999999987
0.764,0.7947699999999999,-0.030769999999999853
1.927,2.1324202000000003,-0.20542020000000027
2.705,2.7108200999999985,-0.00582009999999844
0.838,1.09455,-0.25654999999999994
2.635,2.5606400000000002,0.07435999999999954
1.506,1.5267,-0.02069999999999994
3.414,3.2218900999999986,0.1921099000000015
5.00001,4.495084499999997,0.5049255000000024
3.458,3.3135901000000003,0.14440989999999987
1.615,2.1507699999999996,-0.5357699999999996
2.177,2.852430200000001,-0.675430200000001
1.569,1.1002200000000002,0.46877999999999975
0.896,1.4129100000000006,-0.5169100000000005
2.693,2.930000400000001,-0.23700040000000078
3.079,2.5683899999999977,0.5106100000000025
2.682,2.288919999999999,0.39308000000000076
2.289,2.3397099999999984,-0.050709999999998256
1.276,1.4611299999999994,-0.18512999999999935
1.58,2.2541099999999994,-0.6741099999999993
4.538,4.861668599999991,-0.32366859999999065
2.298,2.382369999999998,-0.08436999999999806
3.643,3.3738201999999995,0.2691798000000003
0.864,1.0078499999999997,-0.1438499999999997
0.534,0.6049200000000001,-0.0709200000000001
1.37,2.0680102000000002,-0.6980102000000001
1.917,1.7884999999999998,0.12850000000000028
2.968,2.5097505,0.4582495
1.036,1.0819600000000003,-0.04596000000000022
3.588,3.4086005999999998,0.17939940000000032
2.174,2.1555199999999988,0.018480000000001162
3.593,3.695381000000001,-0.10238100000000117
1.653,1.914020000000001,-0.2610200000000009
0.903,1.1087200000000004,-0.20572000000000035
2.444,1.9910799999999989,0.4529200000000011
0.847,0.8270299999999999,0.019970000000000043
1.771,2.1575002,-0.38650019999999996
3.5,3.5800205,-0.08002049999999983
3.944,3.403300400000002,0.5406995999999982
1.375,1.4962600000000001,-0.12126000000000015
3.357,4.060572199999997,-0.7035721999999964
3.252,3.4029301999999997,-0.1509301999999999
2.3,2.600319999999998,-0.30031999999999837
1.183,1.6202399999999995,-0.4372399999999994
1.136,0.9522499999999998,0.18375000000000008
1.647,1.7598500000000004,-0.11285000000000034
2.378,2.572340000000001,-0.19434000000000085
1.214,1.340599999999999,-0.12659999999999894
0.533,0.6543799999999999,-0.12137999999999982
4.409,2.8390799999999996,1.5699200000000002
1.294,1.3783900999999998,-0.0843900999999998
0.8,0.8089,-0.008899999999999908
2.779,3.3704805999999996,-0.5914805999999997
1.375,1.231570000000001,0.14342999999999906
0.675,1.3412,-0.6661999999999999
2.931,3.4043901000000005,-0.4733901000000005
1.839,1.4002400000000006,0.4387599999999994
0.75,0.88579,-0.13578999999999997
1.938,1.9489199999999989,-0.01091999999999893
1.898,1.8961901999999997,0.0018098000000001946
0.901,2.3484701000000006,-1.4474701000000005
3.409,3.5467406000000024,-0.13774060000000254
2.292,2.37614,-0.0841400000000001
5.00001,4.976869699999989,0.023140300000010328
1.594,1.8114200999999996,-0.21742009999999956
3.156,3.2915599999999996,-0.13555999999999946
2.655,2.3375600000000007,0.31743999999999906
1.844,1.8151807,0.028819300000000103
1.908,2.2270399999999997,-0.31903999999999977
1.352,1.415,-0.06299999999999994
2.256,2.4913101,-0.2353101000000004
4.374,2.784720000000001,1.5892799999999987
1.5,1.3901,0.10990000000000011
1.521,2.0463001,-0.5253000999999999
0.787,0.8709499999999997,-0.08394999999999964
1.142,1.5576799999999995,-0.4156799999999996
2.782,2.880880100000001,-0.09888010000000103
1.32,1.3886200000000002,-0.06862000000000013
1.31,1.7075100000000003,-0.39751000000000025
3.735,3.6918934999999973,0.0431065000000026
1.418,1.4468900000000007,-0.02889000000000075
2.382,2.5296000999999992,-0.14760009999999912
1.654,1.6530199999999993,0.000980000000000647
3.0,2.0074213000000003,0.9925786999999997
3.063,3.6512716999999992,-0.5882716999999991
2.181,2.32032,-0.1393200000000001
2.335,2.615610000000001,-0.28061000000000114
1.296,1.2359,0.06010000000000004
0.881,0.8235999999999997,0.05740000000000034
0.583,0.6766699999999999,-0.09366999999999992
2.095,2.4804099999999987,-0.3854099999999985
4.5,2.2960301999999992,2.2039698000000008
0.759,0.9125499999999999,-0.15354999999999985
2.959,3.4207011999999986,-0.4617011999999985
0.964,1.2517299999999991,-0.28772999999999915
0.928,0.9439600000000001,-0.015960000000000085
2.055,2.1400101000000005,-0.08501010000000031
2.459,2.7750200999999994,-0.31602009999999936
1.646,1.9219200000000003,-0.2759200000000004
1.094,1.76994,-0.67594
1.417,1.3300599999999991,0.0869400000000009
1.438,1.5782999999999996,-0.14029999999999965
1.64,1.72565,-0.08565
2.319,2.2465499999999996,0.07245000000000035
1.417,1.3962900000000003,0.020709999999999784
2.75,2.8110600000000012,-0.061060000000001224
2.021,2.4796101,-0.4586101
2.833,3.3051005999999994,-0.4721005999999992
2.75,3.9825251999999955,-1.2325251999999955
4.5,4.123053099999997,0.37694690000000275
2.827,2.5649600000000006,0.2620399999999994
0.828,0.9656299999999994,-0.13762999999999947
5.00001,4.062802299999998,0.9372077000000019
3.5,3.3187401999999997,0.1812598000000003
1.093,1.2064899999999998,-0.11348999999999987
1.848,1.83334,0.014660000000000117
1.235,1.3145200000000008,-0.0795200000000007
0.481,0.7926899999999999,-0.3116899999999999
1.369,1.4291599999999998,-0.06015999999999977
2.428,2.504909999999999,-0.07690999999999892
3.606,3.7670906999999993,-0.16109069999999948
3.155,3.716250900000003,-0.5612509000000032
1.101,1.49411,-0.39311000000000007
1.75,1.9987800000000002,-0.24878000000000022
3.0,2.5254999999999996,0.47450000000000037
1.564,1.5476100000000006,0.01638999999999946
2.359,2.578589999999999,-0.21958999999999884
1.489,1.6431800000000003,-0.1541800000000002
1.805,1.6733700000000002,0.1316299999999997
2.027,2.1875499999999994,-0.1605499999999993
1.667,1.4931600000000003,0.17383999999999977
1.573,1.2948499999999998,0.2781500000000001
1.156,1.2380299999999997,-0.08202999999999983
0.62,0.5452400000000004,0.0747599999999996
2.096,1.4858099999999999,0.6101900000000002
1.923,2.14532,-0.22231999999999985
4.705,4.445933899999997,0.25906610000000274
2.199,2.1260800000000013,0.07291999999999854
5.00001,4.919628799999989,0.08038120000001037
3.861,3.060220300000002,0.8007796999999983
1.297,1.3981999999999997,-0.10119999999999973
2.369,2.533470100000001,-0.16447010000000084
2.285,2.2900999999999994,-0.005099999999999216
1.152,1.4986699999999997,-0.3466699999999998
3.417,2.8116304000000003,0.6053695999999995
5.00001,4.439404799999994,0.5606052000000057
1.376,1.2324900999999995,0.1435099000000004
0.655,1.0842700000000003,-0.42927000000000026
0.917,0.9346700000000001,-0.017670000000000075
5.00001,5.000009999999989,1.0658141036401503e-14
1.03,0.9900200000000001,0.039979999999999905
1.781,1.7227400000000006,0.05825999999999931
3.717,2.4805401,1.2364599000000003
1.222,1.14783,0.07417000000000007
2.725,2.63375,0.09125000000000005
2.519,2.7285306000000005,-0.20953060000000034
3.167,3.4281205,-0.2611205000000001
0.755,0.9016999999999997,-0.14669999999999972
2.536,2.4469904000000007,0.08900959999999936
0.664,0.7782099999999993,-0.11420999999999926
3.72,4.472154899999996,-0.7521548999999959
0.997,1.2955500000000004,-0.2985500000000004
3.468,3.134541000000001,0.33345899999999906
1.034,1.3842100000000002,-0.35021000000000013
3.681,3.4908315000000005,0.19016849999999952
0.698,0.90825,-0.21025000000000005
5.00001,2.55211,2.4478999999999997
1.896,1.9603700000000004,-0.06437000000000048
1.142,1.02037,0.1216299999999999
2.109,2.56988,-0.46087999999999996
2.594,2.5356699999999988,0.0583300000000011
1.856,2.2471899999999994,-0.39118999999999926
1.531,1.7357598,-0.20475980000000016
2.256,1.9785300000000006,0.2774699999999992
3.462,1.7871999999999995,1.6748000000000007
1.441,1.651610000000001,-0.21061000000000085
1.106,1.2513399999999997,-0.14533999999999958
5.00001,5.000009999999989,1.0658141036401503e-14
4.955,3.5767808000000003,1.3782191999999998
3.743,2.7985401000000008,0.9444598999999991
3.405,3.4632106999999994,-0.058210699999999616
2.898,2.790290000000001,0.10770999999999908
1.542,1.4457700000000002,0.09622999999999982
1.726,1.885,-0.15900000000000003
1.789,1.8707100000000008,-0.08171000000000084
2.581,2.4609301000000015,0.12006989999999851
1.898,1.79296,0.1050399999999998
1.712,1.5950600000000008,0.11693999999999916
1.537,1.6716500000000007,-0.13465000000000082
1.046,1.16692,-0.12091999999999992
2.793,3.2746699999999986,-0.4816699999999985
2.464,2.568140399999999,-0.10414039999999902
1.375,1.188740000000001,0.18625999999999898
2.243,2.21596,0.027039999999999953
2.312,1.8419499999999993,0.4700500000000005
0.88,0.9007100000000001,-0.020710000000000117
1.75,1.6036699999999997,0.1463300000000003
1.428,1.51103,-0.08303000000000016
1.292,1.1566,0.13539999999999996
5.00001,4.010010699999998,0.9899993000000018
0.955,1.0927000000000004,-0.1377000000000005
0.773,0.6755500000000003,0.0974499999999997
1.702,2.4296600000000006,-0.7276600000000006
2.445,2.04268,0.40232
1.732,2.990280100000001,-1.258280100000001
1.578,1.7583199999999997,-0.1803199999999996
1.676,2.9363102000000008,-1.2603102000000008
1.393,1.5364799999999994,-0.14347999999999939
1.563,1.2371800000000004,0.32581999999999955
2.146,1.666240099999999,0.479759900000001
1.775,1.6891199999999997,0.08588000000000018
3.875,3.9317531000000003,-0.056753100000000334
1.375,2.5812115000000007,-1.2062115000000007
0.543,0.5759099999999999,-0.032909999999999884
4.283,3.9913410999999983,0.29165890000000205
2.746,2.894009999999999,-0.14800999999999886
0.735,1.1066500000000006,-0.3716500000000006
0.788,1.07929,-0.29129000000000005
2.293,3.231200100000003,-0.9382001000000026
2.32,2.4776799999999977,-0.15767999999999782
5.00001,4.487926999999994,0.5120830000000058
0.861,0.8682700000000001,-0.00727000000000011
1.049,1.10141,-0.05241000000000007
1.55,1.5854500000000005,-0.035450000000000426
2.75,2.3760016999999998,0.37399830000000023
2.228,2.063180000000001,0.1648199999999993
1.704,1.6520399999999995,0.05196000000000045
5.00001,4.616615199999999,0.3833948000000005
0.738,0.8029799999999995,-0.06497999999999948
1.344,1.4268699999999999,-0.08286999999999978
0.828,1.4698200000000008,-0.6418200000000008
0.948,1.1370200000000004,-0.1890200000000004
0.571,0.5900799999999999,-0.019079999999999986
0.875,1.1576800000000003,-0.28268000000000026
1.266,1.1511900000000004,0.11480999999999963
1.625,3.2010925999999995,-1.5760925999999995
2.122,2.1649301,-0.04293009999999997
1.699,1.6940499999999998,0.004950000000000232
0.748,0.75873,-0.010730000000000017
1.511,1.5990900000000001,-0.08809000000000022
0.948,1.1208999999999991,-0.17289999999999917
3.878,2.9808503000000015,0.8971496999999986
1.914,2.1253199999999977,-0.21131999999999773
1.686,1.6649100000000012,0.02108999999999872
0.861,1.5056102000000002,-0.6446102000000002
0.7,0.9880200000000001,-0.28802000000000016
5.00001,4.808307499999993,0.191702500000007
1.931,2.6326900999999987,-0.7016900999999987
0.596,0.8505198,-0.2545198000000001
0.611,0.78008,-0.16908
1.481,2.0216101,-0.5406101000000001
0.606,0.6878699999999999,-0.08186999999999989
2.292,2.2310199999999996,0.060980000000000256
1.898,3.3345804999999977,-1.4365804999999978
1.17,1.4106000000000005,-0.2406000000000006
4.308,3.934973099999998,0.37302690000000194
2.885,3.17899,-0.2939900000000004
1.431,1.2531800000000002,0.17781999999999987
1.715,1.6831000000000005,0.031899999999999595
2.011,1.8189499999999996,0.1920500000000005
2.849,2.9734800000000012,-0.12448000000000103
1.213,1.2278600000000004,-0.014860000000000317
1.804,1.9242400999999998,-0.12024009999999974
0.917,0.8277399999999999,0.08926000000000012
1.941,2.9109903000000004,-0.9699903000000003
1.394,1.4365299999999999,-0.04252999999999996
0.647,0.6453300000000002,0.0016699999999998383
2.438,2.41502,0.02298
0.722,0.9634499999999996,-0.2414499999999996
0.871,1.0349300000000001,-0.16393000000000013
1.905,2.0930599999999995,-0.18805999999999945
1.156,1.3297800999999994,-0.17378009999999944
1.41,1.5581399999999999,-0.14813999999999994
0.67,1.0414500000000004,-0.3714500000000004
1.333,1.4621300000000002,-0.1291300000000002
4.22,2.408869999999999,1.8111300000000008
2.848,3.173210499999999,-0.32521049999999896
1.718,1.5057500000000008,0.21224999999999916
1.521,2.0535,-0.5325000000000002
3.753,3.602400399999998,0.15059960000000228
1.05,0.93881,0.11119000000000001
2.318,2.558489999999999,-0.24048999999999898
1.6,1.8245699999999991,-0.22456999999999905
1.265,2.3331501,-1.0681501000000002
1.169,1.8231903000000003,-0.6541903000000002
1.05,1.0391699999999995,0.010830000000000561
1.284,1.3437500000000002,-0.05975000000000019
4.069,4.402862999999996,-0.33386299999999647
2.739,2.474550000000001,0.26444999999999874
2.786,3.6746621,-0.8886620999999999
1.147,1.2296200000000002,-0.08262000000000014
1.761,1.7419799999999994,0.01902000000000048
1.375,0.9250999999999991,0.44990000000000085
1.681,1.4075100000000003,0.2734899999999998
2.205,1.5676,0.6374
4.822,3.8930214999999992,0.9289785000000008
2.701,3.3088913999999994,-0.6078913999999993
1.65,1.80273,-0.15273000000000003
2.051,1.980230000000002,0.07076999999999822
0.85,0.8276000000000007,0.02239999999999931
3.573,2.9463,0.6267
1.378,1.9468100000000006,-0.5688100000000007
4.773,3.5378316999999977,1.235168300000002
1.434,1.0799700000000003,0.3540299999999996
1.83,2.17052,-0.3405199999999997
3.068,2.4864800000000007,0.5815199999999994
1.807,2.3875900000000017,-0.5805900000000017
2.422,2.0078399999999985,0.41416000000000164
5.00001,2.7933115999999996,2.2066984
1.317,1.2616900000000004,0.055309999999999526
1.469,1.39203,0.07696999999999998
3.457,3.2720707000000004,0.1849292999999994
0.938,1.0477600000000002,-0.1097600000000003
1.875,3.9012417999999984,-2.0262417999999984
1.785,1.72018,0.06481999999999988
3.314,4.281302899999997,-0.9673028999999973
1.908,1.6702000000000004,0.23779999999999957
2.893,3.0239013999999997,-0.13090139999999995
1.891,2.10892,-0.2179199999999999
0.436,0.47180999999999984,-0.03580999999999984
0.773,0.8655200000000001,-0.09252000000000005
5.00001,4.575085899999993,0.42492410000000636
0.755,0.7113500000000001,0.043649999999999856
5.00001,4.496355199999997,0.5036548000000023
2.808,2.862899999999999,-0.05489999999999906
1.37,1.9411399999999994,-0.5711399999999993
1.375,1.9409299999999998,-0.5659299999999998
1.097,1.1911800000000006,-0.0941800000000006
2.35,2.353420199999999,-0.003420199999998985
2.161,2.1669199999999997,-0.005919999999999703
0.852,0.9255100000000003,-0.0735100000000003
1.048,1.0109100000000002,0.037089999999999845
0.913,1.14311,-0.23011000000000004
0.991,1.5245700000000002,-0.5335700000000002
0.916,1.4325500000000002,-0.5165500000000002
1.125,2.1090199999999992,-0.9840199999999992
2.239,2.0238,0.21519999999999984
5.00001,3.4152630999999984,1.5847469000000012
5.00001,3.1672205999999976,1.832789400000002
1.228,1.4772799999999995,-0.2492799999999995
3.625,1.737159999999999,1.887840000000001
1.943,3.232351299999998,-1.289351299999998
1.336,1.5043100000000011,-0.16831000000000107
4.5,2.68908,1.8109199999999999
1.404,1.544189999999999,-0.14018999999999915
1.629,1.7571599999999996,-0.1281599999999996
0.718,1.0362900000000002,-0.3182900000000002
5.00001,3.4094005999999992,1.5906094000000004
3.197,3.5152708000000006,-0.3182708000000005
0.858,0.8122899999999998,0.04571000000000014
2.508,2.4112799999999983,0.0967200000000017
1.91,2.18628,-0.2762800000000001
1.662,1.6155900000000003,0.04640999999999962
1.688,2.2238900999999998,-0.5358900999999998
1.342,1.23373,0.10827000000000009
1.875,1.7187199999999998,0.1562800000000002
5.00001,4.952318999999991,0.047691000000008366
2.712,2.715,-0.0029999999999996696
5.00001,4.96900929999999,0.03100070000000965
2.863,2.766419999999999,0.09658000000000078
0.94,0.8764799999999999,0.06352000000000002
4.208,4.0338313999999995,0.17416860000000067
2.953,2.1476600000000006,0.8053399999999993
5.00001,2.46866,2.5313499999999998
1.941,1.8284099999999999,0.11259000000000019
2.448,1.9339000000000002,0.5140999999999998
1.834,1.9367700999999997,-0.10277009999999964
2.02,2.0007099999999998,0.01929000000000025
1.089,1.4934399999999999,-0.4044399999999999
2.186,2.508710000000001,-0.32271000000000116
2.316,2.0071499999999993,0.3088500000000005
1.467,1.25866,0.2083400000000002
5.00001,4.606784499999995,0.3932255000000042
0.956,1.1385999999999996,-0.18259999999999965
1.438,1.4597899999999995,-0.021789999999999532
1.388,1.4473100000000014,-0.05931000000000153
1.345,1.50023,-0.15522999999999998
2.542,3.0691201,-0.5271201000000003
1.368,1.6865099999999997,-0.3185099999999996
1.406,1.7758000000000012,-0.36980000000000124
2.731,2.31781,0.4131899999999997
3.355,2.3637799999999998,0.9912200000000002
2.427,1.59414,0.8328600000000002
1.417,1.4938800000000003,-0.07688000000000028
1.709,1.7304901000000001,-0.021490100000000067
2.237,2.1811199999999995,0.055880000000000596
1.437,1.72595,-0.28895000000000004
0.68,0.6398799999999998,0.04012000000000027
1.355,2.1136399999999997,-0.7586399999999998
2.042,1.9051299999999987,0.13687000000000116
3.964,2.8099007,1.1540993
1.647,2.288049999999999,-0.6410499999999988
1.019,1.0817499999999993,-0.06274999999999942
1.467,1.34641,0.12058999999999997
1.929,1.8498399999999997,0.07916000000000034
2.54,2.02106,0.5189400000000002
5.00001,4.585594999999995,0.4144150000000044
2.625,2.5140601000000005,0.11093989999999954
1.843,2.710441300000001,-0.8674413000000012
1.731,1.69861,0.03239000000000014
0.768,0.76182,0.006179999999999963
1.364,1.4097499999999998,-0.045749999999999735
1.207,1.2085899999999996,-0.0015899999999995362
0.872,1.4225899999999998,-0.5505899999999998
0.75,3.2844708999999983,-2.5344708999999983
1.992,2.0401100000000003,-0.04811000000000032
5.00001,2.6477599999999994,2.35225
2.309,3.2207906000000013,-0.9117906000000011
1.127,1.1388400000000007,-0.011840000000000739
4.115,3.681700400000002,0.433299599999998
1.094,2.36081,-1.2668099999999998
1.216,1.0817200000000005,0.1342799999999995
1.703,1.33698,0.36602
2.65,2.2832899999999996,0.3667100000000003
1.288,1.9189299999999982,-0.6309299999999982
2.239,2.69068,-0.4516800000000001
1.604,1.8221899999999998,-0.21818999999999966
0.928,0.9852999999999997,-0.057299999999999685
1.462,1.5067902000000002,-0.044790200000000224
0.571,0.67001,-0.09901000000000004
2.794,2.5502399999999996,0.24376000000000042
3.372,1.71443,1.65757
2.724,2.6474800999999992,0.07651990000000097
5.00001,4.5973250999999955,0.4026849000000041
1.963,2.0629402000000003,-0.09994020000000026
4.059,3.4679603000000014,0.5910396999999987
2.29,2.033499999999999,0.25650000000000084
1.308,1.4133300000000002,-0.10533000000000015
5.00001,4.064853399999996,0.9351566000000036
1.738,1.1582499999999996,0.5797500000000004
2.029,2.4196001000000007,-0.3906001000000008
5.00001,4.853607999999991,0.14640200000000902
2.2,2.4064600999999994,-0.20646009999999926
2.295,2.4240600000000003,-0.1290600000000004
1.372,1.7151499999999995,-0.3431499999999994
5.00001,4.94326839999999,0.056741600000009385
2.19,3.0525302999999995,-0.8625302999999995
1.506,2.00077,-0.49477000000000015
1.799,1.7620800000000003,0.03691999999999962
2.572,2.2248199999999994,0.3471800000000007
2.643,2.59599,0.047009999999999774
3.922,4.331343599999999,-0.40934359999999925
1.257,1.6050499999999999,-0.34804999999999997
1.021,1.7538602999999997,-0.7328602999999998
2.615,3.0357704999999986,-0.4207704999999984
1.242,1.4091800000000003,-0.16718000000000033
2.025,1.96795,0.05704999999999982
3.944,3.853122199999999,0.09087780000000079
0.675,1.5842400999999995,-0.9092400999999994
4.474,3.8721626999999983,0.6018373000000019
1.739,2.4632199999999993,-0.7242199999999992
1.964,2.2745599999999984,-0.3105599999999984
1.487,1.33846,0.14854000000000012
0.546,0.6932799999999999,-0.14727999999999986
3.522,3.6867006999999985,-0.1647006999999987
3.572,4.602884499999996,-1.0308844999999955
1.397,2.076450000000001,-0.6794500000000008
2.726,2.3514799999999987,0.3745200000000013
5.00001,4.496504199999997,0.5035058000000028
1.832,1.709130000000001,0.12286999999999915
3.213,3.4425301999999993,-0.22953019999999924
5.00001,4.756065299999996,0.24394470000000368
2.201,2.5289100000000007,-0.3279100000000006
1.201,1.5635599999999996,-0.36255999999999955
2.02,2.60804,-0.5880399999999999
0.769,0.98521,-0.21621
5.00001,4.983249699999989,0.016760300000010275
2.064,1.9359400000000013,0.12805999999999873
1.313,1.4874999999999998,-0.17449999999999988
0.809,0.6533599999999998,0.15564000000000022
1.613,1.7612199999999993,-0.14821999999999935
4.473,4.357494199999996,0.11550580000000377
1.094,1.3278099999999997,-0.23380999999999963
1.688,1.8217901000000003,-0.13379010000000036
1.817,1.8115999999999997,0.0054000000000002935
2.759,2.3077300000000007,0.45126999999999917
5.00001,4.646945799999993,0.3530642000000066
1.617,1.41028,0.20672000000000001
2.829,2.57055,0.2584500000000003
3.328,2.9031499999999992,0.4248500000000006
1.25,1.2559599999999997,-0.005959999999999743
1.565,1.6377599999999999,-0.07275999999999994
2.25,2.1568699999999996,0.09313000000000038
1.962,2.066480000000001,-0.10448000000000124
0.63,0.7266300000000001,-0.0966300000000001
0.813,1.8405601000000014,-1.0275601000000014
1.998,2.1305400000000017,-0.13254000000000166
4.321,3.729850399999998,0.5911496000000018
2.921,2.0326600000000004,0.8883399999999995
2.742,2.0151499999999998,0.7268500000000002
0.75,0.9898700000000007,-0.2398700000000007
0.817,0.7137699999999998,0.10323000000000015
1.663,1.7280499999999994,-0.06504999999999939
1.468,1.5890299999999997,-0.12102999999999975
5.00001,4.9928598999999885,0.00715010000001115
3.687,3.5546399999999974,0.13236000000000248
2.138,2.1587199999999998,-0.02071999999999985
3.2,2.5091699999999992,0.6908300000000009
1.988,1.812569999999999,0.17543000000000109
1.618,1.4074600000000002,0.21053999999999995
5.00001,4.98205969999999,0.017950300000009634
5.00001,4.924818799999991,0.07519120000000878
0.589,0.8336599000000001,-0.24465990000000015
5.00001,4.092443699999997,0.9075663000000027
1.464,1.5540300000000002,-0.09003000000000028
1.996,2.2612900000000007,-0.2652900000000007
1.951,2.6572102000000006,-0.7062102000000006
3.004,3.1367300000000005,-0.13273000000000046
2.854,2.1793299999999998,0.6746700000000003
2.656,2.2509500000000005,0.4050499999999997
1.821,1.65226,0.1687399999999999
2.015,1.9628000000000005,0.05219999999999958
2.485,2.8582404,-0.37324040000000025
2.596,2.7523701999999988,-0.15637019999999868
3.837,3.605800299999997,0.231199700000003
1.278,1.5344999999999995,-0.2564999999999995
1.051,1.0503799999999992,0.0006200000000007311
0.725,0.7931899999999997,-0.06818999999999975
0.965,1.2336299999999998,-0.2686299999999998
1.456,1.5920200000000002,-0.13602000000000025
2.909,2.9103399999999993,-0.0013399999999994527
0.634,0.8361300000000004,-0.20213000000000036
2.813,2.5985301999999995,0.2144698000000007
1.175,2.38647,-1.21147
1.125,1.5975904,-0.4725904000000001
0.546,0.5896899999999999,-0.043689999999999896
3.085,3.0544599999999997,0.030540000000000234
1.034,1.25379,-0.21978999999999993
0.713,0.7778599999999996,-0.06485999999999958
3.561,2.4387499999999993,1.1222500000000006
2.722,2.8566000000000003,-0.13460000000000027
0.5,0.7783099999999997,-0.2783099999999997
1.896,2.055239999999999,-0.15923999999999916
1.65,1.7745399000000004,-0.12453990000000048
2.958,2.8559605000000006,0.10203949999999962
2.277,2.1893099999999994,0.08769000000000071
3.439,3.5170901000000017,-0.0780901000000016
1.975,2.6582821,-0.6832821
2.325,1.96928,0.35572000000000026
3.313,2.4557700000000007,0.8572299999999995
2.168,2.4311000000000003,-0.2631000000000001
0.585,0.62245,-0.03744999999999998
1.818,2.5492506000000006,-0.7312506000000005
2.048,1.4131299999999998,0.6348700000000003
1.368,1.5150900000000014,-0.14709000000000128
0.917,1.0301599999999995,-0.11315999999999948
1.344,1.5212201,-0.1772201
1.0,0.8094299999999999,0.19057000000000013
1.813,1.7946999999999997,0.018300000000000205
2.228,2.129920000000001,0.09807999999999906
0.739,0.69124,0.047760000000000025
1.268,1.3575099999999998,-0.08950999999999976
2.835,2.5229200999999986,0.3120799000000014
5.00001,4.9906298999999885,0.009380100000011105
1.087,1.5025300000000001,-0.4155300000000002
1.583,1.6470900000000004,-0.06409000000000042
3.607,4.821567599999991,-1.2145675999999908
1.236,1.1733699999999996,0.06263000000000041
3.832,3.716950399999999,0.11504960000000075
0.788,0.8068599999999997,-0.018859999999999655
3.384,3.717000599999999,-0.3330005999999992
1.583,1.7899300000000005,-0.2069300000000005
3.617,2.0105599999999995,1.6064400000000005
2.625,2.6373699999999998,-0.01236999999999977
1.213,1.7805099999999998,-0.5675099999999997
1.288,1.1174900000000003,0.17050999999999972
1.125,2.2548801999999997,-1.1298801999999997
4.232,3.822030500000001,0.409969499999999
0.618,1.2153599999999996,-0.5973599999999996
1.403,1.4394599999999997,-0.036459999999999715
5.00001,4.553114299999995,0.4468957000000042
5.00001,4.896108499999991,0.10390150000000897
1.265,1.3422199999999995,-0.07721999999999962
1.896,1.6152499999999999,0.28075000000000006
1.582,1.3416999999999992,0.24030000000000085
3.333,2.2522503000000005,1.0807496999999997
0.54,0.6266499999999998,-0.08664999999999978
1.853,2.3837599999999988,-0.5307599999999988
1.93,1.78921,0.14078999999999997
1.055,1.22196,-0.16696
2.15,2.0361599999999997,0.11384000000000016
2.131,2.4294801999999995,-0.29848019999999975
2.896,3.054810099999999,-0.1588100999999993
2.979,2.79562,0.1833800000000001
4.351,4.4042524999999975,-0.05325249999999748
2.5,2.6251900999999997,-0.12519009999999975
3.53,2.789160000000001,0.7408399999999986
2.515,2.5226599999999997,-0.007659999999999556
0.62,0.7915800000000003,-0.1715800000000003
1.257,1.1761300000000006,0.08086999999999933
2.732,3.3473503,-0.6153502999999998
0.8,1.2388299999999992,-0.43882999999999917
1.625,2.067100000000002,-0.44210000000000216
1.989,2.5324999999999984,-0.5434999999999983
1.633,1.6230999999999995,0.009900000000000464
1.041,1.2507000000000004,-0.20970000000000044
1.868,1.5628199999999994,0.3051800000000007
5.00001,5.000009999999989,1.0658141036401503e-14
5.00001,4.722246299999992,0.2777637000000075
1.875,1.71008,0.16491999999999996
4.156,4.065093099999998,0.09090690000000201
2.0,2.523120299999999,-0.5231202999999991
2.696,2.80453,-0.10853000000000002
1.573,1.5980402999999999,-0.025040299999999904
0.329,0.81321,-0.48421
1.313,1.3236799999999997,-0.0106799999999998
5.00001,3.7538539999999965,1.2461560000000032
0.984,1.1427499999999997,-0.15874999999999972
2.192,2.7485301,-0.5565300999999998
0.556,0.8157000000000002,-0.25970000000000015
0.675,0.9708600000000003,-0.29586000000000023
1.537,2.2025099999999997,-0.6655099999999998
0.663,0.9103000000000001,-0.24730000000000008
0.932,1.1771100000000008,-0.24511000000000072
1.527,2.1479700000000004,-0.6209700000000005
0.931,1.0815600000000003,-0.15056000000000025
4.178,4.607505099999995,-0.42950509999999475
1.764,2.102279999999999,-0.338279999999999
1.603,1.5748799999999994,0.02812000000000059
2.64,2.491709999999999,0.14829000000000114
1.594,2.0351900000000005,-0.4411900000000004
5.00001,4.9833497999999885,0.016660200000011116
4.348,4.491815099999993,-0.1438150999999932
1.847,1.811580000000001,0.0354199999999989
2.953,2.8795501999999997,0.07344980000000012
0.552,0.5237300000000001,0.028269999999999906
5.00001,4.151883099999995,0.8481269000000049
2.67,2.770960599999999,-0.10096059999999918
2.542,2.5442101999999993,-0.002210199999999496
4.096,3.8464522999999984,0.2495477000000017
1.69,2.2446200000000007,-0.5546200000000008
1.658,2.381230199999999,-0.7232301999999993
1.367,1.86983,-0.5028300000000001
1.568,2.2249599999999994,-0.6569599999999993
0.952,1.0516400000000001,-0.09964000000000017
1.53,1.5784100000000008,-0.04841000000000073
2.919,3.3742901000000005,-0.4552901000000005
1.375,1.6797700999999996,-0.3047700999999996
1.225,2.767190700000002,-1.5421907000000017
1.788,1.7011400000000003,0.08685999999999972
2.61,2.3117799999999993,0.2982200000000006
1.625,2.082509999999998,-0.45750999999999786
2.489,2.2616398999999996,0.2273601000000003
0.946,0.9724699999999998,-0.026469999999999883
0.847,0.7006200000000002,0.14637999999999973
2.587,2.555130199999999,0.03186980000000128
1.875,1.533670000000001,0.341329999999999
1.739,1.6600700000000006,0.0789299999999995
3.49,3.1742101,0.3157899000000004
2.318,2.6648099999999992,-0.3468099999999992
1.121,1.257,-0.1359999999999999
1.22,1.3564899999999995,-0.13648999999999956
4.0,3.1587299999999994,0.8412700000000006
1.346,1.43978,-0.09377999999999997
1.601,1.6893999999999998,-0.08839999999999981
2.031,2.27202,-0.2410199999999998
1.139,1.35918,-0.22018000000000004
0.721,0.6855600000000003,0.035439999999999694
2.432,2.3856100999999996,0.04638990000000032
2.213,2.5090699999999995,-0.2960699999999994
2.13,2.0338300000000005,0.09616999999999942
0.813,0.8611299999999996,-0.04812999999999967
1.806,2.1194800000000003,-0.3134800000000002
1.291,1.29629,-0.005290000000000017
1.152,1.1925299999999996,-0.04052999999999973
2.908,2.9767107999999998,-0.06871079999999985
2.142,2.0313700000000003,0.11062999999999956
1.067,1.729459999999999,-0.6624599999999992
0.728,0.9765799999999996,-0.24857999999999958
2.434,2.356550000000001,0.07744999999999935
1.317,1.3913000000000002,-0.07430000000000025
1.775,1.7136799999999999,0.06132000000000004
1.669,1.6072100000000007,0.061789999999999345
5.00001,3.901272999999998,1.0987370000000016
2.725,3.237860699999999,-0.5128606999999987
2.541,3.3609604999999987,-0.8199604999999988
0.777,0.86712,-0.09011999999999998
1.614,1.8912500000000003,-0.2772500000000002
2.249,2.0884900000000006,0.1605099999999995
2.097,1.9029700000000012,0.19402999999999881
0.555,0.9742800000000001,-0.4192800000000001
1.732,1.1293501000000001,0.6026498999999998
4.419,4.046412699999997,0.37258730000000284
1.833,1.9243199999999998,-0.09131999999999985
3.885,3.7485510000000017,0.13644899999999804
0.503,0.5150100000000001,-0.012010000000000076
1.326,1.5276799999999997,-0.20167999999999964
0.684,0.90691,-0.22290999999999994
1.735,2.5224601999999994,-0.7874601999999993
3.277,2.407470000000001,0.8695299999999992
1.382,1.5787200000000001,-0.19672000000000023
1.285,1.31867,-0.03367000000000009
1.793,2.42777,-0.6347700000000003
2.873,3.4982707,-0.6252706999999997
2.296,2.2155999999999993,0.08040000000000047
2.447,2.4026100999999995,0.04438990000000054
1.625,2.277070200000001,-0.6520702000000012
2.313,2.4966199999999987,-0.18361999999999856
3.868,4.506914099999997,-0.6389140999999969
2.723,2.85829,-0.13529000000000035
1.029,0.96784,0.06115999999999988
1.708,2.00429,-0.29629000000000016
3.624,3.473380399999999,0.15061960000000107
0.844,1.03098,-0.18698000000000004
2.529,2.1093300999999998,0.41966990000000015
4.544,2.5828601999999994,1.9611398000000002
0.656,0.8119400000000002,-0.1559400000000002
1.547,1.7292400000000006,-0.18224000000000062
1.929,2.3448700000000007,-0.41587000000000063
2.041,2.1355099999999996,-0.09450999999999965
5.00001,2.787331099999999,2.2126789000000007
1.142,1.0104600000000001,0.13153999999999977
1.436,1.5542600000000004,-0.11826000000000048
1.478,1.1627599999999998,0.3152400000000002
4.441,4.5218839999999965,-0.08088399999999663
2.805,2.3747600000000006,0.4302399999999995
2.75,3.175000999999999,-0.4250009999999991
1.573,1.5162299999999995,0.05677000000000043
1.627,1.3310799999999998,0.2959200000000002
1.583,1.8154200000000011,-0.23242000000000118
0.558,0.6625500000000002,-0.10455000000000014
2.225,2.5863401999999995,-0.36134019999999945
0.965,1.2640900000000002,-0.2990900000000002
2.282,2.06739,0.21460999999999997
1.085,1.1957600000000008,-0.11076000000000086
0.901,1.04344,-0.1424399999999999
1.875,1.7386100000000002,0.1363899999999998
1.375,1.2139201000000008,0.16107989999999917
1.5,2.10815,-0.6081500000000002
2.345,1.7784800000000005,0.5665199999999997
0.989,1.38103,-0.39203
0.99,1.0223499999999994,-0.032349999999999435
0.904,1.0465100000000003,-0.14251000000000025
4.0,3.6604916999999997,0.3395083000000003
1.457,2.084190000000001,-0.6271900000000008
2.5,1.0975200000000003,1.4024799999999997
3.61,3.587750900000001,0.02224909999999891
5.00001,4.625645499999994,0.37436450000000576
2.387,3.7030012999999995,-1.3160012999999995
0.726,0.8279099999999997,-0.10190999999999972
2.177,1.9846199999999994,0.19238000000000066
0.575,0.6673600000000002,-0.09236000000000022
1.089,1.1292899999999997,-0.040289999999999715
2.866,3.617289999999999,-0.7512899999999987
2.208,1.16851,1.0394900000000002
0.935,1.1364299999999998,-0.20142999999999978
0.96,0.69077,0.26922999999999997
2.929,3.0984700000000007,-0.1694700000000009
0.557,0.8937199999999998,-0.3367199999999998
3.16,2.9338800999999997,0.22611990000000048
1.839,1.6487901000000011,0.19020989999999882
1.103,1.0882300000000003,0.014769999999999728
0.875,1.0620199999999995,-0.18701999999999952
0.942,0.9989999999999998,-0.05699999999999983
0.95,0.9928099999999996,-0.04280999999999968
1.413,1.5687400000000002,-0.1557400000000002
5.00001,1.7241209,3.2758890999999997
5.00001,4.335954699999995,0.6640553000000047
2.832,2.9304701000000004,-0.09847010000000056
1.181,1.4049599999999995,-0.2239599999999995
2.551,2.1642700000000015,0.3867299999999987
2.435,1.9335200000000006,0.5014799999999995
1.601,1.6947300000000007,-0.09373000000000076
3.07,3.216380099999999,-0.14638009999999912
3.292,2.569800000000002,0.7221999999999977
2.394,2.3760501,0.017949900000000074
1.102,1.6176700999999993,-0.5156700999999992
1.851,2.5211500000000004,-0.6701500000000005
3.25,2.418320299999999,0.8316797000000009
1.704,1.7121299999999997,-0.008129999999999749
2.491,2.5223002999999977,-0.031300299999997616
1.918,2.062110099999999,-0.14411009999999913
1.55,1.6286400000000005,-0.07864000000000049
0.988,0.97364,0.01436000000000004
1.575,1.3378700000000003,0.23712999999999962
1.563,1.7110500000000002,-0.14805000000000024
2.612,3.0597704000000006,-0.44777040000000046
0.813,0.76935,0.04364999999999997
1.577,1.5146099999999998,0.06239000000000017
1.519,3.1149409,-1.5959409000000002
5.00001,4.361355999999991,0.6386540000000087
2.463,2.81522,-0.35222
2.446,2.3330700000000006,0.11292999999999953
1.563,1.805080000000001,-0.24208000000000096
1.457,1.4607699999999997,-0.003769999999999607
1.0,0.9078099999999997,0.09219000000000033
0.889,0.88333,0.005670000000000064
0.734,1.476100100000001,-0.7421001000000009
1.131,1.19212,-0.06112000000000006
1.644,1.32425,0.31975
0.994,1.46324,-0.4692400000000001
3.379,3.4347700999999997,-0.05577009999999971
2.507,2.5379599999999995,-0.030959999999999432
2.314,2.386200199999999,-0.07220019999999883
0.908,1.0880000000000003,-0.18000000000000027
3.03,2.717700000000001,0.3122999999999987
0.702,0.8784999999999995,-0.17649999999999955
1.347,1.1839199999999996,0.16308000000000034
1.125,1.2912599999999999,-0.16625999999999985
3.385,4.066161599999999,-0.6811615999999994
2.962,2.8882704000000006,0.07372959999999962
0.721,1.8750101999999995,-1.1540101999999997
3.027,2.54096,0.48604
1.622,1.71924,-0.09724
2.735,2.6155900999999995,0.1194099000000004
0.702,1.4624900000000007,-0.7604900000000008
5.00001,5.000009999999989,1.0658141036401503e-14
0.753,0.9715599999999998,-0.21855999999999975
0.687,0.8418200000000005,-0.1548200000000004
1.628,1.6991999999999994,-0.07119999999999949
2.391,2.61414,-0.2231399999999999
1.573,1.39514,0.1778599999999999
0.731,0.6821200000000002,0.04887999999999981
1.758,2.0541900000000006,-0.2961900000000006
2.355,1.7649200000000003,0.5900799999999997
1.648,1.7715300000000003,-0.12353000000000036
1.708,1.7697799999999995,-0.0617799999999995
2.667,2.522509999999998,0.144490000000002
0.953,0.8315099999999999,0.1214900000000001
1.422,1.4926299999999997,-0.07062999999999975
2.669,1.9853400000000008,0.6836599999999993
0.944,1.1091799999999994,-0.16517999999999944
3.431,2.9457400999999988,0.4852599000000013
1.646,1.5548400000000007,0.09115999999999924
1.625,1.6779399999999998,-0.052939999999999765
1.557,1.0603100000000003,0.49668999999999963
1.651,1.4717899999999988,0.1792100000000012
0.87,0.8344599999999995,0.03554000000000046
0.982,1.1136199999999994,-0.1316199999999994
0.682,0.69915,-0.01715
1.705,1.5547600000000006,0.15023999999999949
1.168,1.1992399999999994,-0.03123999999999949
1.464,1.2518399999999998,0.21216000000000013
1.31,1.7167199999999991,-0.4067199999999991
1.2,1.35507,-0.15507000000000004
1.629,2.39529,-0.7662900000000001
1.443,1.8223999999999991,-0.37939999999999907
0.767,1.2840800000000003,-0.5170800000000003
2.921,2.8658100000000006,0.055189999999999184
0.944,1.09452,-0.15052
1.909,2.3183200000000004,-0.40932000000000035
1.716,2.1386799999999995,-0.4226799999999995
3.5,2.9752204999999994,0.5247795000000006
5.00001,4.401174499999996,0.5988355000000034
2.407,3.0121499999999988,-0.6051499999999987
2.388,2.0261399999999994,0.3618600000000005
1.985,1.35581,0.6291900000000001
1.463,1.75809,-0.29508999999999985
1.629,1.5257200000000006,0.10327999999999937
1.745,1.6875400000000003,0.057459999999999845
2.576,2.6450199999999997,-0.06901999999999964
2.125,1.5487800000000005,0.5762199999999995
4.127,4.728316999999993,-0.6013169999999937
1.093,1.5016399999999996,-0.40863999999999967
2.384,2.4954700000000005,-0.11147000000000062
1.795,2.236339999999999,-0.44133999999999896
2.151,2.6229500000000003,-0.47195000000000054
2.117,2.6907401000000015,-0.5737401000000015
0.748,0.9251399999999994,-0.1771399999999994
2.285,2.5481000000000007,-0.26310000000000056
1.61,1.650879999999999,-0.04087999999999892
2.176,2.0387100000000005,0.1372899999999997
2.088,1.6187699999999998,0.46923000000000026
1.693,1.5615500000000007,0.1314499999999994
1.393,1.6217100000000004,-0.2287100000000004
1.091,1.0836100000000004,0.007389999999999564
2.657,2.5788500999999995,0.07814990000000055
1.207,1.5476700000000005,-0.3406700000000005
2.4,2.6347905000000007,-0.2347905000000008
3.416,3.692580900000002,-0.27658090000000213
1.535,1.7876000000000014,-0.2526000000000015
1.019,1.33634,-0.3173400000000002
3.394,3.1352900000000012,0.2587099999999989
2.858,2.4475499999999992,0.41045000000000087
0.986,1.0358400000000005,-0.04984000000000055
2.093,2.1608100000000006,-0.06781000000000059
1.77,1.6007000000000005,0.16929999999999956
0.876,2.0550006,-1.1790006000000002
3.125,3.3626015999999987,-0.23760159999999875
2.386,2.7162800000000002,-0.33028000000000013
4.351,4.505773899999997,-0.1547738999999968
1.759,1.89657,-0.1375700000000002
3.305,2.9512501,0.35374989999999995
0.506,0.6291399999999999,-0.12313999999999992
0.762,0.94914,-0.18713999999999997
0.7,0.9100100000000003,-0.21001000000000036
2.848,1.7656000999999995,1.0823999000000004
0.523,0.5419499999999997,-0.01894999999999969
2.215,2.7389399999999973,-0.5239399999999974
3.292,2.9952700000000005,0.29672999999999927
3.151,2.77007,0.38092999999999977
1.998,1.7765600000000001,0.22143999999999986
1.636,1.7490300000000003,-0.11303000000000041
1.125,0.9879899999999998,0.1370100000000002
0.785,0.9187800000000003,-0.13378000000000023
1.892,1.7383000000000002,0.15369999999999973
0.4,2.803370999999999,-2.403370999999999
1.201,1.24989,-0.04888999999999988
2.478,2.0243601999999994,0.4536398000000008
4.405,3.3233900999999997,1.0816099000000006
2.642,2.690650199999999,-0.04865019999999909
2.662,2.28792,0.37407999999999975
3.677,3.9429217000000008,-0.2659217000000007
3.66,3.7186008999999984,-0.05860089999999829
3.022,3.2811807000000015,-0.2591807000000017
1.115,0.9665100000000004,0.14848999999999957
0.864,0.7030800000000003,0.16091999999999973
1.875,2.081920099999999,-0.20692009999999916
0.84,0.9378300000000002,-0.0978300000000002
0.581,0.6667999999999998,-0.08579999999999988
0.529,0.7184899999999996,-0.1894899999999996
1.126,1.25283,-0.12683000000000022
0.734,0.8824600000000001,-0.14846000000000015
4.445,3.0612704000000015,1.3837295999999988
0.698,1.1022999999999998,-0.4042999999999999
2.266,2.8782799999999984,-0.6122799999999984
1.652,3.301500300000001,-1.6495003000000013
1.416,1.5696400000000004,-0.15364000000000044
1.646,1.5648601000000004,0.08113989999999949
2.455,1.83133,0.6236700000000002
1.226,1.3031700000000002,-0.07717000000000018
1.694,2.3145203000000008,-0.6205203000000008
4.699,4.766867199999992,-0.06786719999999224
0.886,1.0540699999999996,-0.1680699999999996
4.439,3.899842699999999,0.5391573000000012
1.924,2.5345415000000013,-0.6105415000000014
1.441,1.6732499999999997,-0.23224999999999962
0.524,0.5408399999999997,-0.016839999999999633
1.375,1.6120799999999995,-0.2370799999999995
3.177,3.2334399999999963,-0.05643999999999627
0.821,0.882,-0.061000000000000054
5.00001,4.944899199999989,0.05511080000001023
1.283,1.1568500000000004,0.12614999999999954
1.617,2.2638500000000006,-0.6468500000000006
1.976,1.5107299999999992,0.46527000000000074
1.41,1.4155799999999996,-0.005579999999999696
1.399,1.3246799999999999,0.07432000000000016
0.644,0.8235700000000002,-0.17957000000000023
5.00001,4.052472999999999,0.9475370000000005
2.718,2.4244399999999997,0.29356000000000027
4.17,4.752295599999995,-0.5822955999999948
1.759,1.0751399999999998,0.6838600000000001
4.974,3.9009725999999985,1.0730274000000017
1.272,1.7026100000000002,-0.43061000000000016
2.796,2.888670099999999,-0.09267009999999898
0.712,0.6377800000000006,0.0742199999999994
5.00001,4.320964399999996,0.6790456000000038
1.588,1.8928500000000015,-0.3048500000000014
3.718,3.6303404999999986,0.08765950000000133
2.138,2.9520601000000006,-0.8140601000000007
5.00001,5.000009999999989,1.0658141036401503e-14
0.978,1.1006499999999997,-0.1226499999999997
3.141,3.5566218,-0.4156217999999998
2.337,2.08663,0.2503700000000002
2.25,1.01869,1.23131
2.64,2.331030000000002,0.3089699999999982
1.167,1.1095599999999999,0.05744000000000016
2.069,2.1271899999999992,-0.0581899999999993
1.62,1.6475500000000003,-0.027550000000000185
3.322,2.8926101000000015,0.42938989999999855
0.525,1.2649099999999998,-0.7399099999999997
2.875,3.5773323999999973,-0.7023323999999973
3.25,3.8526517999999954,-0.6026517999999954
2.447,2.2875906000000006,0.15940939999999948
1.257,1.3613499999999987,-0.10434999999999883
2.229,1.6578202000000002,0.5711797999999999
0.821,0.8813199999999998,-0.06031999999999982
0.969,1.16761,-0.19861000000000006
5.00001,4.765705599999992,0.23430440000000718
3.815,2.996340699999999,0.8186593000000011
4.007,3.6534713,0.3535286999999996
2.25,2.0673102000000005,0.18268979999999946
0.708,0.8777899999999995,-0.16978999999999955
1.404,1.1235100000000002,0.2804899999999997
4.5,4.543295999999995,-0.04329599999999534
1.838,1.4249499999999993,0.4130500000000008
1.155,1.3710200000000006,-0.21602000000000054
1.192,1.1721800000000002,0.019819999999999727
1.524,1.50452,0.019479999999999942
1.569,1.6200200000000011,-0.051020000000001176
2.683,1.6612200000000001,1.0217799999999997
2.208,2.1271900000000006,0.0808099999999996
0.661,0.6705800000000002,-0.009580000000000144
1.975,1.5968099999999998,0.37819000000000025
1.964,2.65176,-0.6877599999999999
2.387,2.9139701000000002,-0.5269701000000002
1.272,1.2022701,0.06972990000000001
2.309,1.9749800999999994,0.3340199000000008
1.495,1.6303999999999996,-0.13539999999999952
1.12,1.10475,0.015250000000000208
1.463,1.5558599999999996,-0.0928599999999995
3.419,3.518720299999998,-0.09972029999999776
2.23,2.3941100000000004,-0.16411000000000042
1.833,2.03397,-0.2009700000000001
1.823,2.174789999999999,-0.35178999999999894
1.027,1.211889999999999,-0.1848899999999991
1.686,1.6723599999999996,0.013640000000000319
0.658,0.6256400000000003,0.03235999999999972
1.428,1.53588,-0.10787999999999998
2.358,2.6552602999999992,-0.29726029999999914
1.47,1.3975900000000003,0.07240999999999964
2.861,2.623199999999999,0.23780000000000134
1.17,1.4028699999999994,-0.23286999999999947
0.481,0.4910399999999997,-0.010039999999999716
1.723,1.69623,0.026770000000000183
3.406,2.7089901,0.6970099000000003
1.133,1.9486703000000005,-0.8156703000000005
1.411,1.26233,0.14867000000000008
1.828,1.79854,0.02946000000000004
1.255,1.6647402000000002,-0.40974020000000033
2.777,3.3279501000000007,-0.5509501000000006
0.783,0.7091800000000003,0.07381999999999977
3.219,3.0873005000000004,0.13169949999999941
4.635,3.5755511999999987,1.059448800000001
2.383,2.3470900000000006,0.03590999999999944
1.044,1.5203901,-0.4763900999999999
1.344,1.9560300999999995,-0.6120300999999995
2.567,2.4672400000000003,0.09975999999999985
1.878,2.2053700000000003,-0.3273700000000004
0.858,1.0857300000000003,-0.22773000000000032
0.765,0.7489199999999999,0.016080000000000094
2.271,2.681210100000001,-0.4102101000000009
2.621,2.6074400000000004,0.013559999999999572
0.75,1.0794500999999999,-0.32945009999999986
1.736,1.8189600000000004,-0.08296000000000037
0.903,0.7060699999999998,0.19693000000000027
1.134,1.1607399999999999,-0.026739999999999986
3.26,2.72838,0.5316199999999998
2.483,2.8249602,-0.34196019999999994
1.401,1.6292999999999997,-0.22829999999999973
0.985,1.4813099999999992,-0.49630999999999925
2.314,2.5292405000000007,-0.2152405000000006
1.505,1.4142699999999992,0.09073000000000064
1.909,2.4285702999999987,-0.5195702999999987
0.66,1.0170499999999998,-0.35704999999999976
1.25,1.5575900999999994,-0.3075900999999994
1.125,1.2723302,-0.14733020000000008
0.804,0.8993000000000001,-0.09530000000000005
1.981,1.842879999999999,0.13812000000000113
1.912,2.77733,-0.8653300000000002
2.885,2.29234,0.59266
1.6,1.8931699999999998,-0.2931699999999997
2.734,2.5756799999999997,0.15832000000000024
2.098,2.02622,0.07177999999999995
2.952,3.307870899999998,-0.355870899999998
1.711,1.6339499999999998,0.07705000000000028
1.462,2.259080300000001,-0.7970803000000009
1.408,1.7677600000000004,-0.3597600000000005
4.119,3.6841110999999973,0.43488890000000247
3.237,3.8280215,-0.5910215000000001
3.864,3.5782803999999997,0.2857196000000002
2.232,2.9970401,-0.7650400999999998
0.991,1.3724900000000002,-0.3814900000000002
1.224,1.0901700000000003,0.13382999999999967
2.778,2.2499800000000008,0.5280199999999993
1.431,1.1223199999999998,0.3086800000000003
2.9,2.5092999999999996,0.39070000000000027
2.274,2.4793299999999996,-0.20532999999999957
1.875,2.3501700999999997,-0.4751700999999997
3.364,3.8317215999999985,-0.4677215999999986
5.00001,5.000009999999989,1.0658141036401503e-14
2.252,2.363900000000001,-0.11190000000000122
1.517,1.7863800000000005,-0.2693800000000006
1.456,1.39123,0.06477
1.235,1.4633700000000003,-0.22837000000000018
2.393,2.5989202999999996,-0.20592029999999983
0.665,0.64736,0.01763999999999999
1.221,1.0746599999999997,0.14634000000000036
1.096,1.2015499999999997,-0.10554999999999959
0.968,0.9907999999999998,-0.02279999999999982
0.889,1.25788,-0.3688800000000001
2.157,2.2001499999999985,-0.04314999999999847
1.106,1.0723400000000012,0.03365999999999891
0.946,1.3556899999999996,-0.40968999999999967
0.654,0.6473099999999994,0.00669000000000064
1.289,0.7890199999999997,0.4999800000000002
0.56,0.7861200000000004,-0.22612000000000032
3.818,3.940701200000001,-0.12270120000000073
2.978,3.0932399999999998,-0.11523999999999957
1.618,2.2666099999999996,-0.6486099999999995
0.996,0.9259299999999999,0.07007000000000008
3.768,4.189293799999995,-0.4212937999999955
1.276,1.2209100000000002,0.05508999999999986
2.546,2.336,0.20999999999999996
1.258,1.1979400000000004,0.06005999999999956
2.952,2.0289100999999996,0.9230899000000004
5.00001,4.89872879999999,0.10128120000000962
0.975,1.1621700000000001,-0.18717000000000017
0.854,1.0269900000000005,-0.17299000000000053
1.788,2.078900000000001,-0.2909000000000008
1.738,2.4329801999999976,-0.6949801999999976
1.85,1.69333,0.1566700000000001
0.683,0.7518900000000004,-0.06889000000000034
2.021,2.2004099999999998,-0.17940999999999985
1.41,1.5554800000000006,-0.14548000000000072
1.17,1.7339900999999998,-0.5639900999999998
2.111,2.1008101,0.010189900000000307
1.393,1.6952399999999996,-0.3022399999999996
0.683,0.7648898000000002,-0.08188980000000012
1.666,1.9099499999999991,-0.24394999999999922
3.009,3.2600199999999995,-0.2510199999999996
0.832,1.0671799999999991,-0.23517999999999917
2.109,2.05098,0.05801999999999996
0.598,0.7060699999999998,-0.10806999999999978
0.694,0.8976799999999995,-0.20367999999999953
1.875,1.5951899999999992,0.2798100000000008
4.188,3.630780999999999,0.5572190000000008
1.14,1.8732300000000002,-0.7332300000000003
2.573,2.509360099999998,0.06363990000000186
1.896,1.9633199999999997,-0.06731999999999982
0.538,0.7455899999999999,-0.20758999999999983
0.688,0.8090698,-0.1210698
0.825,1.5627106999999993,-0.7377106999999994
2.033,2.17611,-0.14311000000000007
1.691,1.8349899999999997,-0.14398999999999962
2.619,1.6472799999999999,0.9717200000000004
0.985,1.04468,-0.059680000000000066
2.343,2.0378399999999997,0.3051600000000003
1.5,2.3758804000000002,-0.8758804000000002
0.455,0.8967098999999998,-0.4417098999999998
1.858,2.5716700999999995,-0.7136700999999994
0.878,1.4827999999999995,-0.6047999999999994
1.26,1.3880000000000001,-0.1280000000000001
0.736,0.6627999999999998,0.07320000000000015
1.743,1.4197800000000003,0.32321999999999984
1.319,1.6960200000000005,-0.3770200000000006
1.875,2.0117200000000004,-0.1367200000000004
0.942,1.08303,-0.14103
0.899,1.3975700000000009,-0.49857000000000085
1.867,1.7756999999999992,0.09130000000000082
2.917,2.766309999999999,0.15069000000000088
2.796,2.9262701999999985,-0.13027019999999867
1.732,2.045310000000002,-0.313310000000002
2.362,1.758179999999999,0.6038200000000011
0.929,1.1014500000000005,-0.17245000000000044
2.081,2.08435,-0.003350000000000186
0.723,0.7607299999999999,-0.03772999999999993
3.638,3.545679999999999,0.09232000000000085
1.563,1.5757300000000003,-0.012730000000000352
1.161,1.48672,-0.32572
2.328,2.1394099999999994,0.18859000000000048
4.5,3.1684519999999994,1.3315480000000006
0.837,0.6520799999999997,0.1849200000000003
0.476,0.9827600000000001,-0.5067600000000001
2.583,1.91537,0.6676300000000002
2.013,2.9595505999999996,-0.9465505999999997
1.968,2.3209300000000015,-0.3529300000000015
1.542,1.8234700000000013,-0.2814700000000012
2.188,1.3046799999999998,0.8833200000000003
1.188,1.3252800000000007,-0.13728000000000073
1.972,2.59528,-0.6232799999999998
2.318,2.6528700000000005,-0.33487000000000045
3.44,3.510580200000001,-0.07058020000000109
1.336,1.35003,-0.014029999999999987
2.048,2.5550699999999993,-0.5070699999999992
5.00001,4.888198499999993,0.11181150000000706
5.00001,3.7537107000000005,1.246299299999999
3.76,3.329350099999999,0.4306499000000006
1.658,1.7926700000000013,-0.1346700000000014
2.435,2.8458599999999996,-0.41085999999999956
2.386,2.7533399999999997,-0.36733999999999956
0.875,0.9322600000000004,-0.05726000000000042
5.00001,4.96719949999999,0.032810500000009846
1.125,1.2944299999999997,-0.16942999999999975
5.00001,4.821757699999992,0.17825230000000758
0.733,1.0857700999999995,-0.35277009999999953
2.375,2.2174392999999992,0.15756070000000078
2.979,2.6942201999999997,0.28477980000000036
1.944,1.8822,0.061799999999999855
0.519,0.6173799999999996,-0.09837999999999958
1.137,1.3210799999999998,-0.1840799999999998
1.607,1.4429699999999994,0.16403000000000056
3.454,3.5244700999999985,-0.07047009999999831
2.239,2.6159400999999995,-0.37694009999999967
1.398,1.5613600000000003,-0.1633600000000004
2.271,2.136149999999999,0.13485000000000102
0.889,0.9536199999999999,-0.0646199999999999
1.3,2.8008907,-1.5008907
0.581,0.5313000000000002,0.049699999999999744
0.59,0.6287400000000002,-0.03874000000000022
0.876,0.9472500000000003,-0.07125000000000026
0.934,0.9327799999999997,0.001220000000000332
0.666,0.7356599999999998,-0.06965999999999972
1.486,1.6259499999999991,-0.13994999999999913
0.718,0.8193199999999997,-0.10131999999999974
1.524,2.3705599999999993,-0.8465599999999993
0.942,0.8495699999999996,0.09243000000000035
2.986,2.6068099999999994,0.3791900000000008
1.241,1.02033,0.22067000000000014
1.413,1.6149500000000003,-0.2019500000000003
2.174,1.8146699999999998,0.35933000000000015
1.212,1.2807200000000003,-0.06872000000000034
2.664,2.2935999999999996,0.3704000000000005
1.996,2.253660000000001,-0.2576600000000009
2.21,2.394319999999999,-0.18431999999999915
2.306,2.5385000000000004,-0.23250000000000037
1.233,1.4345899999999991,-0.20158999999999905
2.313,2.0147500000000007,0.29824999999999946
0.842,0.9583799999999999,-0.11637999999999993
1.603,1.7456499999999997,-0.14264999999999972
0.697,0.7100599999999999,-0.01305999999999996
0.775,1.4084600000000003,-0.6334600000000002
2.729,2.6719801000000003,0.05701989999999979
4.018,3.931730100000001,0.08626989999999868
1.141,1.1537300000000001,-0.01273000000000013
1.114,1.3449399999999998,-0.2309399999999997
1.5,1.41028,0.08972000000000002
3.908,3.375260899999999,0.532739100000001
1.563,1.2070100000000004,0.3559899999999996
1.877,2.182709999999999,-0.3057099999999988
4.26,4.79904849999999,-0.53904849999999
1.777,1.8193201,-0.042320100000000194
2.148,2.1244300000000003,0.02356999999999987
4.065,3.6530404,0.4119596000000003
0.784,1.0866399999999998,-0.3026399999999998
5.00001,4.387775299999996,0.6122347000000037
1.053,1.2871300000000003,-0.2341300000000004
1.875,1.5830199999999996,0.29198000000000035
1.865,1.9696299999999995,-0.10462999999999956
1.655,1.7218200000000012,-0.06682000000000121
3.15,2.0117200000000004,1.1382799999999995
0.724,0.6975999999999999,0.02640000000000009
0.99,1.0417399999999999,-0.0517399999999999
1.582,1.7054000000000002,-0.12340000000000018
2.899,3.3907731999999977,-0.4917731999999977
1.073,1.2332200000000004,-0.16022000000000047
4.176,2.0111399999999993,2.164860000000001
3.883,3.953943199999998,-0.0709431999999981
0.875,1.1230600000000006,-0.2480600000000006
2.225,2.282650000000002,-0.05765000000000198
1.904,2.186670000000001,-0.28267000000000087
1.448,1.7682000000000002,-0.32020000000000026
1.592,1.7149299999999998,-0.12292999999999976
3.336,3.3021202,0.03387979999999979
2.355,3.1649805999999994,-0.8099805999999994
3.417,3.1044915999999994,0.31250840000000046
1.141,0.9513500000000004,0.18964999999999965
1.38,1.3122599999999998,0.06774000000000013
1.331,1.09845,0.23255000000000003
1.449,1.52161,-0.07260999999999984
1.504,1.6382100000000006,-0.1342100000000006
2.292,2.06914,0.22285999999999984
0.759,0.9511899999999995,-0.19218999999999953
1.695,1.6772900000000002,0.017709999999999892
2.714,2.5213200000000002,0.19267999999999974
1.25,1.4666299999999999,-0.21662999999999988
1.583,1.82597,-0.24297000000000013
4.324,4.709926099999994,-0.3859260999999945
3.273,3.3807902000000003,-0.10779020000000017
2.896,3.3861513000000008,-0.49015130000000084
1.921,1.8999199999999996,0.02108000000000043
0.609,0.8986900999999997,-0.28969009999999973
2.189,2.1005399999999996,0.08846000000000043
1.75,2.42354,-0.67354
0.3,0.6307099999999993,-0.33070999999999934
3.155,2.8650802999999985,0.28991970000000133
2.167,2.1695600000000006,-0.002560000000000784
1.277,1.20366,0.07333999999999996
2.657,2.0761800999999993,0.5808199000000007
2.363,2.1762699999999997,0.18673000000000028
3.563,3.599452899999997,-0.0364528999999969
1.293,1.4781799999999998,-0.1851799999999999
2.494,3.5962631999999997,-1.1022631999999994
1.068,1.2708199999999994,-0.20281999999999933
3.034,2.53891,0.4950899999999998
3.398,3.3032201999999997,0.09477980000000041
2.346,2.5659500000000004,-0.2199500000000003
1.3,1.4848400000000002,-0.18484000000000012
1.949,2.0611599999999997,-0.1121599999999996
2.054,2.12158,-0.06757999999999997
2.65,2.4501199999999987,0.19988000000000117
0.925,1.1375599999999995,-0.21255999999999942
0.9,1.1066799999999999,-0.20667999999999986
2.867,2.4515800000000003,0.4154199999999997
1.722,1.6212000000000006,0.10079999999999933
2.304,2.2436399999999983,0.060360000000001524
1.537,1.6878999999999997,-0.1508999999999998
1.134,1.05488,0.07911999999999986
1.341,1.7190000000000012,-0.3780000000000012
2.187,2.3539400999999995,-0.1669400999999997
1.826,1.2285400000000002,0.5974599999999999
2.71,2.011679999999999,0.6983200000000012
3.427,3.3126313999999994,0.1143686000000006
2.68,2.722500200000001,-0.04250020000000099
2.155,2.3452200000000003,-0.1902200000000005
1.99,1.8045000000000002,0.18549999999999978
1.631,1.60929,0.021709999999999896
2.347,2.546059999999999,-0.1990599999999989
3.367,3.148950199999998,0.21804980000000196
1.604,1.3775399999999995,0.22646000000000055
2.453,2.5384899999999995,-0.08548999999999962
0.575,0.7895900000000006,-0.2145900000000006
1.106,0.9872699999999993,0.11873000000000078
1.113,1.4361299999999997,-0.3231299999999997
3.204,3.3721101000000027,-0.16811010000000248
5.00001,4.6337720000000004,0.3662379999999992
5.00001,2.63629,2.36372
1.125,1.9431501,-0.8181501
1.738,1.8426900999999993,-0.10469009999999934
0.635,0.9347300000000003,-0.2997300000000003
3.088,4.018351299999996,-0.9303512999999963
1.703,1.62816,0.07484000000000002
3.54,2.0036403000000003,1.5363596999999998
0.66,0.7969999999999997,-0.13699999999999968
3.333,2.8951312000000002,0.43786879999999995
1.865,1.8678199999999998,-0.0028199999999998226
0.633,0.7519299999999997,-0.11892999999999965
0.825,1.0219000000000005,-0.19690000000000052
1.369,1.369839999999999,-0.0008399999999990637
0.889,0.9197299999999994,-0.03072999999999937
2.427,2.3976802999999998,0.02931970000000028
0.585,0.6265399999999997,-0.04153999999999969
1.082,1.1876,-0.10559999999999992
1.862,1.8682199999999987,-0.00621999999999856
1.569,1.5382400000000007,0.030759999999999232
0.806,0.80802,-0.0020199999999999108
1.227,1.2016299999999998,0.025370000000000337
0.789,0.8933299999999995,-0.10432999999999948
1.672,1.707530000000001,-0.03553000000000117
4.925,4.410164099999995,0.5148359000000049
2.519,2.4024300000000007,0.1165699999999994
2.486,3.1248807000000003,-0.6388807000000001
0.873,0.7918000000000001,0.08119999999999994
1.569,1.13833,0.4306699999999999
2.688,2.5987999999999998,0.08920000000000039
1.778,2.2091403,-0.43114030000000003
2.128,2.116919999999999,0.011080000000001089
0.958,0.9429099999999997,0.01509000000000027
5.00001,4.932078399999992,0.06793160000000764
1.642,1.6016299999999999,0.04037000000000002
0.875,1.0623100000000003,-0.1873100000000003
2.664,1.996150000000001,0.6678499999999992
1.054,1.2456300000000005,-0.1916300000000004
2.847,2.4419099999999982,0.4050900000000017
0.552,0.6064099999999996,-0.054409999999999514
5.00001,5.000009999999989,1.0658141036401503e-14
1.663,1.8106802000000002,-0.14768020000000015
4.611,3.844542399999997,0.766457600000003
1.238,1.2070200000000009,0.03097999999999912
2.741,2.9312703000000004,-0.19027030000000034
5.00001,3.1743005000000015,1.825709499999998
1.733,1.9013699999999998,-0.1683699999999997
2.713,3.216150300000001,-0.503150300000001
1.016,1.0312000000000006,-0.015200000000000546
1.643,2.3965200000000006,-0.7535200000000006
0.657,0.9057000999999997,-0.24870009999999965
1.375,1.418390000000001,-0.04339000000000093
1.831,2.5142201,-0.6832201000000002
1.679,2.1271900000000015,-0.4481900000000014
3.227,3.4349508999999987,-0.20795089999999883
2.399,2.56021,-0.16121000000000008
2.126,2.3188999999999997,-0.19289999999999985
1.921,1.8922700000000001,0.028729999999999922
1.976,2.15429,-0.17829000000000006
2.995,3.2070601999999995,-0.21206019999999937
1.5,1.3984800000000002,0.10151999999999983
4.563,2.9346002999999983,1.6283997000000014
0.641,0.7995499000000005,-0.15854990000000047
0.832,1.2578299999999996,-0.4258299999999996
1.259,1.3458499999999998,-0.08684999999999987
2.678,2.445309999999999,0.23269000000000073
2.213,2.735779999999999,-0.5227799999999991
